election,eth,age,estimand,registered,share,rate,se_sampling,rmse_ident,error,lo,hi,bound_lo,bound_hi,cite
jhr_se15,Malay,18-29,turnout,397408,0.15434309382931333,0.6184642369426716,0.007264750131036502,0.03516794528066896,0.07038449702396665,0.548079739918705,0.6888487339666383,0.2536788388759159,0.8689759642483291,False
jhr_se15,Malay,30-39,turnout,322659,0.125312495752155,0.5585166423645958,0.006229134367589068,0.01726358314525236,0.035971923197427896,0.5225447191671678,0.5944885655620237,0.1504777489547789,0.8986143265800737,True
jhr_se15,Malay,40-49,turnout,234621,0.09112079026423052,0.6333283388756663,0.007050612251066512,0.005694979112616787,0.017764123504163398,0.6155642153715029,0.6510924623798298,0.16089352615494776,0.9516752549857004,True
jhr_se15,Malay,50-59,turnout,188875,0.07335421493027709,0.7283343476932052,0.009271239131794945,0.0027672344418903628,0.018963793757589314,0.7093705539356159,0.7472981414507944,0.1852706816677697,0.9825916611515553,True
jhr_se15,Malay,60-69,turnout,134542,0.05225266861760074,0.7346712322099769,0.014636998416652424,0.0029392850953573785,0.029261239015998548,0.7054099931939783,0.7639324712259754,0.16116900298791456,0.9906646251728085,True
jhr_se15,Malay,70+,turnout,89448,0.03473931339289702,0.5832630649903028,0.013822476141778834,0.007488908179914109,0.030812832817351095,0.5524502321729516,0.6140758978076539,0.1275377873177712,0.9728892764511224,True
jhr_se15,Chinese,18-29,turnout,209059,0.08119316383379906,0.3676293228652217,0.008053771700861995,0.024675570497517355,0.05087500903489835,0.3167543138303234,0.41850433190012004,0.043030914717854765,0.8553327051215207,False
jhr_se15,Chinese,30-39,turnout,174991,0.06796202475110055,0.3249991236582888,0.008264766502579068,0.008416748653908228,0.02312035999068426,0.3018787636676046,0.34811948364897305,0.017240886674171816,0.8819653582184227,True
jhr_se15,Chinese,40-49,turnout,177265,0.06884518813826905,0.41371407797765053,0.0141922128646495,0.00240433437407247,0.028213090612597948,0.38550098736505256,0.4419271685902485,0.048136970073054466,0.8937804981242772,True
jhr_se15,Chinese,50-59,turnout,160898,0.062488664322179865,0.5406482316240145,0.011109916824536183,0.0020558929418653415,0.02214513332631958,0.5185030982976949,0.5627933649503342,0.12235080610075949,0.9380725677137068,True
jhr_se15,Chinese,60-69,turnout,128324,0.049837756594111854,0.5746684751624017,0.011321148739660773,0.0017063252539974462,0.022440070272037673,0.5522284048903641,0.5971085454344394,0.14793023908232286,0.9386007294036969,True
jhr_se15,Chinese,70+,turnout,104471,0.04057386201445918,0.39519601339509125,0.011859008315830399,0.0020722978743619967,0.023595868201454682,0.37160014519363654,0.41879188159654596,0.10615386088005284,0.8060514401125671,True
jhr_se15,Indian,18-29,turnout,47094,0.018290104026083224,0.32076719950244253,0.03683553476747718,0.04757976788152032,0.11793746770739254,0.20282973179504998,0.4387046672098351,0.0,0.9985136110757209,False
jhr_se15,Indian,30-39,turnout,40067,0.015560997112436331,0.25301187912597645,0.03214142576189305,0.015513586827869293,0.06995148084987783,0.1830603982760986,0.3229633599758543,0.0023211121371702398,0.9980782189832031,False
jhr_se15,Indian,40-49,turnout,37067,0.014395873910367072,0.3516663696938801,0.05484405396915082,0.012170903462626777,0.11010946374316327,0.24155690595071683,0.46177583343704337,0.004262551595759031,0.998812960315105,False
jhr_se15,Indian,50-59,turnout,28158,0.010935846374622063,0.42146988084154924,0.05392545300258519,0.012593360851662547,0.10853777129089895,0.3129321095506503,0.5300076521324482,0.004581291284892393,1.0,False
jhr_se15,Indian,60-69,turnout,21012,0.00816052290729309,0.6147109482261619,0.05086678399546953,0.014525608878424556,0.103684241337793,0.5110267068883689,0.7183951895639549,0.002569960022844089,1.0,False
jhr_se15,Indian,70+,turnout,12196,0.004736614190812227,0.20484764970006794,0.10725478825942311,0.021871998034116102,0.214545918031884,0.0,0.4193935677319519,0.0,0.9995080354214496,False
jhr_se15,Other,18-29,turnout,24391,0.009472840007223763,0.4920737044919475,0.054161300022769795,0.06593037642907462,0.16723591267869492,0.32483779181325256,0.6593096171706424,0.00561682587839777,1.0,False
jhr_se15,Other,30-39,turnout,19578,0.007603594016703983,0.49543946798311533,0.05731989150551041,0.03553079218965434,0.13218027193885026,0.36325919604426504,0.6276197399219656,0.002451731535396874,1.0,False
jhr_se15,Other,40-49,turnout,11384,0.004421254177452147,0.4976233357278827,0.10806545304357706,0.027309212035716738,0.21846690705427851,0.2791564286736042,0.7160902427821612,0.005621925509486999,1.0,False
jhr_se15,Other,50-59,turnout,6474,0.0025143358700654606,0.6051416593604754,0.16310253052804136,0.03969489979867948,0.32901226093569597,0.2761293984247794,0.9341539202961713,0.009267840593141797,1.0,False
jhr_se15,Other,60-69,turnout,3549,0.001378340748047933,0.5747124766539683,0.20142671963490008,0.061521781642664794,0.4128006295566398,0.16191184709732848,0.9875131062106082,0.0005635390250774866,1.0,False
jhr_se15,Other,70+,turnout,1304,0.0005064402184994379,0.3165234083578898,0.09842706245837712,0.1333107051555623,0.3247905747168257,0.0007668711656441718,0.6413139830747154,0.0007668711656441718,1.0,False
jhr_se15,Malay,18-29,BN,397408,0.15434309382931333,0.325912070545644,0.009604831550278334,0.031197332369587792,0.06397910575113339,0.26193296479451056,0.3898911762967774,0.06916821000080522,0.4770135477896771,False
jhr_se15,Malay,30-39,BN,322659,0.125312495752155,0.29992486454532086,0.010171914592891428,0.014759375799697097,0.03513307629403859,0.26479178825128225,0.33505794083935947,0.04118279669868189,0.5901679482053809,True
jhr_se15,Malay,40-49,BN,234621,0.09112079026423052,0.3400279903663973,0.009319591348799033,0.006878294337165242,0.022702665354337282,0.31732532501206,0.3627306557207346,0.03787810980261784,0.6822876042638979,True
jhr_se15,Malay,50-59,BN,188875,0.07335421493027709,0.41321248991069104,0.01322193757932929,0.003207763521680305,0.026666761986282466,0.38654572792440856,0.4398792518969735,0.03542025148908008,0.791872931833223,True
jhr_se15,Malay,60-69,BN,134542,0.05225266861760074,0.5123073280477131,0.021730222513373053,0.003116444952178009,0.04302701354059715,0.46928031450711594,0.5553343415883102,0.04999925673767299,0.880817885864637,True
jhr_se15,Malay,70+,BN,89448,0.03473931339289702,0.4458478037979731,0.014766680921785147,0.006572482081912752,0.03168007523165484,0.4141677285663183,0.47752787902962796,0.04793846704230391,0.8543734907432251,True
jhr_se15,Chinese,18-29,BN,209059,0.08119316383379906,0.020271607181772233,0.00822729110076621,0.024621714596747814,0.0508814319554098,0.0,0.07115303913718203,0.0,0.418618667457512,False
jhr_se15,Chinese,30-39,BN,174991,0.06796202475110055,0.019114718273458387,0.006481548973310949,0.006219465651532161,0.017606455381216236,0.0015082628922421515,0.03672117365467462,0.0,0.45041745004028777,True
jhr_se15,Chinese,40-49,BN,177265,0.06884518813826905,0.03741037597648424,0.008129284349589667,0.0021434747826872065,0.016477964698657623,0.02093241127782662,0.053888340675141866,0.0002707810340450738,0.44315008602939104,True
jhr_se15,Chinese,50-59,BN,160898,0.062488664322179865,0.0679848480479565,0.008446853866670915,0.0014109824749315325,0.016785224383676828,0.05119962366427967,0.08477007243163333,8.079652947830303e-05,0.4789618267473803,True
jhr_se15,Chinese,60-69,BN,128324,0.049837756594111854,0.06739124429517833,0.00882285112659039,0.0013128592534161025,0.017483189169596694,0.049908055125581635,0.08487443346477502,0.0024936878526230478,0.49752189769645583,True
jhr_se15,Chinese,70+,BN,104471,0.04057386201445918,0.08422049229418518,0.00973349620776898,0.0016178560653514913,0.01933939128002986,0.06488110101415533,0.10355988357421504,0.0024887289295593995,0.4321199184462674,True
jhr_se15,Indian,18-29,BN,47094,0.018290104026083224,0.08729547679538893,0.035248031085902264,0.041958346550781074,0.10740597096430217,0.0,0.19470144775969112,0.0,0.881789612264832,False
jhr_se15,Indian,30-39,BN,40067,0.015560997112436331,0.09099674934879841,0.025693247811007167,0.012774955958564179,0.056240132307858744,0.034756617040939665,0.14723688165665716,0.0,0.8749095265430404,False
jhr_se15,Indian,40-49,BN,37067,0.014395873910367072,0.11862767889338527,0.028478240245922656,0.008673363931808712,0.05834869006193455,0.06027898883145072,0.17697636895531982,0.0,0.86786090053147,False
jhr_se15,Indian,50-59,BN,28158,0.010935846374622063,0.13019015543385568,0.0429335085553488,0.008485499822256371,0.0857774885500184,0.04441266688383727,0.21596764398387408,0.0,0.9454151573265147,False
jhr_se15,Indian,60-69,BN,21012,0.00816052290729309,0.2319621305277932,0.044262470985342924,0.010449712806373293,0.08913934411200547,0.14282278641578772,0.32110147463979866,0.0,0.9746811345897582,False
jhr_se15,Indian,70+,BN,12196,0.004736614190812227,0.1169701874378957,0.08649689625422415,0.016796785957102038,0.17270086062241435,0.0,0.2896710480603101,0.0,0.9576910462446704,False
jhr_se15,Other,18-29,BN,24391,0.009472840007223763,0.29800447003608854,0.04702564260801131,0.056799225078933306,0.14453007349594882,0.15347439654013972,0.44253454353203736,0.0,0.9740888032470993,False
jhr_se15,Other,30-39,BN,19578,0.007603594016703983,0.25122099986058694,0.04749680469553289,0.028136122439582526,0.10820172574721407,0.14301927411337287,0.359422725607801,0.0,0.9855960772295433,False
jhr_se15,Other,40-49,BN,11384,0.004421254177452147,0.22559825798280764,0.0864279483048714,0.029413409404339258,0.1789399376382826,0.04665832034452505,0.4045381956210902,0.0,0.992709065354884,False
jhr_se15,Other,50-59,BN,6474,0.0025143358700654606,0.3353739207140494,0.16143474944290376,0.03451813459780061,0.3235643603243739,0.01180956038967551,0.6589382810384233,0.0,1.0,False
jhr_se15,Other,60-69,BN,3549,0.001378340748047933,0.337604380085676,0.19989812508275923,0.07251806119670667,0.41678527650925,0.0,0.754389656594926,0.0,1.0,False
jhr_se15,Other,70+,BN,1304,0.0005064402184994379,0.006416149036885978,0.005187486014261271,0.10468276739049595,0.2054299908427538,0.0,0.21184613987963977,0.0,1.0,False
jhr_se15,Malay,18-29,PH,397408,0.15434309382931333,0.030072079439918367,0.004164790944391703,0.010802086780852165,0.022691227570077285,0.007380851869841082,0.05276330700999565,0.0011449190756099524,0.22648763990659473,True
jhr_se15,Malay,30-39,PH,322659,0.125312495752155,0.02115083398408962,0.0030694888766080453,0.003376260715524094,0.00894346483346414,0.01220736915062548,0.03009429881755376,0.00027273375297140327,0.26173762393114713,True
jhr_se15,Malay,40-49,PH,234621,0.09112079026423052,0.023382284454489307,0.0031477794820169644,0.0011912837407885236,0.006596695167364493,0.016785589287124814,0.0299789796218538,0.0005370363266715256,0.32310833216123025,True
jhr_se15,Malay,50-59,PH,188875,0.07335421493027709,0.03352174173965821,0.0058575983508104956,0.0010966234532193495,0.011680357083007497,0.02184138465665071,0.04520209882266571,0.0002011912640635341,0.37384513567174055,True
jhr_se15,Malay,60-69,PH,134542,0.05225266861760074,0.021118207998298177,0.0049042527884687135,0.0013576342760049877,0.009973851720866818,0.011144356277431358,0.031092059719164997,1.4865246540113868e-05,0.37933136121062566,True
jhr_se15,Malay,70+,PH,89448,0.03473931339289702,0.01732931818477198,0.0032837265745006144,0.0017113593144981094,0.0072577217160739085,0.01007159646869807,0.02458703990084589,0.0,0.32751989983006885,True
jhr_se15,Chinese,18-29,PH,209059,0.08119316383379906,0.27403457988398355,0.03246767035666537,0.012890191824181559,0.06846846046969696,0.2055661194142866,0.3425030403536805,0.003319637040261362,0.4383021061040185,False
jhr_se15,Chinese,30-39,PH,174991,0.06796202475110055,0.2623433529956,0.01596380867671439,0.005855856506933841,0.03332773780968867,0.22901561518591135,0.2956710908052887,0.002000102862432925,0.514935053802767,True
jhr_se15,Chinese,40-49,PH,177265,0.06884518813826905,0.3026646158229619,0.0272761388417429,0.0021909928023453873,0.05363342938395179,0.2490311864390101,0.35629804520691366,0.009499901277748005,0.5764476913096211,False
jhr_se15,Chinese,50-59,PH,160898,0.062488664322179865,0.384062345788759,0.024949330579823903,0.0016440576465298086,0.049006742795585256,0.3350556029931737,0.43306908858434423,0.03030491367201581,0.6584606396599088,True
jhr_se15,Chinese,60-69,PH,128324,0.049837756594111854,0.42270286582028216,0.019727484551295055,0.0019811439725617376,0.03886035895183694,0.38384250686844523,0.4615632247721191,0.05421433247093295,0.6815638539945762,True
jhr_se15,Chinese,70+,PH,104471,0.04057386201445918,0.2501336641627395,0.013583313727686595,0.001384594570303946,0.026761251300826634,0.2233724128619129,0.27689491546356615,0.03262149304591705,0.5089354940605527,True
jhr_se15,Indian,18-29,PH,47094,0.018290104026083224,0.16186737667140932,0.053593958258572265,0.02075429307153213,0.11264549955020654,0.04922187712120278,0.27451287622161585,0.0,0.7707138913662037,False
jhr_se15,Indian,30-39,PH,40067,0.015560997112436331,0.06822578084726781,0.03498311850919982,0.008981877291507654,0.07079081266311911,0.0,0.13901659351038692,0.0,0.7564080165722415,False
jhr_se15,Indian,40-49,PH,37067,0.014395873910367072,0.12248021356806371,0.04662180837390775,0.007902366216011807,0.0926821063143015,0.02979810725376221,0.21516231988236523,0.0,0.8096419996223055,False
jhr_se15,Indian,50-59,PH,28158,0.010935846374622063,0.1715158126217854,0.04693126014592697,0.00921811890485743,0.09374286588291664,0.07777294673886875,0.26525867850470203,0.0,0.8522267206477733,False
jhr_se15,Indian,60-69,PH,21012,0.00816052290729309,0.1798052227656536,0.04132063702413671,0.011794933502589203,0.0842233574869747,0.09558186527867892,0.2640285802526283,0.0,0.8330953740719589,False
jhr_se15,Indian,70+,PH,12196,0.004736614190812227,0.04918949598937394,0.02408881424205409,0.013042886377934658,0.05369068811376243,0.0,0.10288018410313637,0.0,0.8323220728107577,False
jhr_se15,Other,18-29,PH,24391,0.009472840007223763,0.03010771170630482,0.02522585088277197,0.014236598653905398,0.05677319550457368,0.0,0.0868809072108785,0.0,0.6744700914271657,False
jhr_se15,Other,30-39,PH,19578,0.007603594016703983,0.011335930124028951,0.017953209459106407,0.006206843280860098,0.03723188231144033,0.0,0.04856781243546929,0.0,0.695678823168863,False
jhr_se15,Other,40-49,PH,11384,0.004421254177452147,0.07516031021206375,0.054056652735825106,0.012617935581191496,0.10879913927602024,0.0,0.183959449488084,0.0,0.8005094869992972,False
jhr_se15,Other,50-59,PH,6474,0.0025143358700654606,0.10882426261972634,0.05553572838391585,0.02317264859188204,0.11794557549322637,0.0,0.2267698381129527,0.0,0.8582020389249305,False
jhr_se15,Other,60-69,PH,3549,0.001378340748047933,0.03621871780470855,0.03756385660790379,0.02799693296404971,0.0918249348300995,0.0,0.12804365263480805,0.0,0.8641870949563257,False
jhr_se15,Other,70+,PH,1304,0.0005064402184994379,0.10760933554552034,0.10045296463315302,0.04215167057658307,0.2135191420282614,0.0,0.3211284775737817,0.0,0.8934049079754601,False
jhr_se15,Malay,18-29,PN,397408,0.15434309382931333,0.23474660156487226,0.006949873204924618,0.021065129207134204,0.04347668828220968,0.19126991328266257,0.27822328984708194,0.035313833642000164,0.33873500281826235,True
jhr_se15,Malay,30-39,PN,322659,0.125312495752155,0.21966497112608807,0.007058920343216643,0.012219382111341527,0.02765904163439471,0.19200592949169337,0.24732401276048277,0.02072466597863379,0.451988012111858,True
jhr_se15,Malay,40-49,PN,234621,0.09112079026423052,0.24567120793707214,0.006808790701834526,0.004248848429195841,0.015730431015246824,0.22994077692182532,0.261401638952319,0.017129753943594138,0.5116848022981745,True
jhr_se15,Malay,50-59,PN,188875,0.07335421493027709,0.24760666816674887,0.00882023248054102,0.0021141573485425587,0.01777733638967344,0.22982933177707543,0.2653840045564223,0.009726009265387161,0.5142766379880873,True
jhr_se15,Malay,60-69,PN,134542,0.05225266861760074,0.1776275949406042,0.010173240351441416,0.0025595276682550488,0.020560951290045093,0.1570666436505591,0.1981885462306493,0.005121077433069227,0.45423733852625947,True
jhr_se15,Malay,70+,PN,89448,0.03473931339289702,0.08791481760005168,0.004998990226957945,0.004742777970574608,0.013506070614232733,0.07440874698581895,0.10142088821428441,0.0,0.4070745013862803,True
jhr_se15,Chinese,18-29,PN,209059,0.08119316383379906,0.001991399279298429,0.0020837629611330922,0.01072787092375286,0.02141960625618972,0.0,0.02341100553548815,0.0,0.3048039070310295,True
jhr_se15,Chinese,30-39,PN,174991,0.06796202475110055,0.004524023716813649,0.00296275780400671,0.0022545333410692076,0.007297113006471536,0.0,0.011821136723285185,0.0,0.3357772685452395,True
jhr_se15,Chinese,40-49,PN,177265,0.06884518813826905,0.006655894812196509,0.0027913622306851796,0.001073976116400062,0.005862047676556156,0.0007938471356403526,0.012517942488752664,0.0,0.3116633289143373,True
jhr_se15,Chinese,50-59,PN,160898,0.062488664322179865,0.010047919883289508,0.0021506660752418846,0.0010748985572589461,0.004712474053046949,0.005335445830242559,0.014760393936336456,0.0,0.2937513207125011,True
jhr_se15,Chinese,60-69,PN,128324,0.049837756594111854,0.022776048612163712,0.0032305288222536873,0.0010269964802469697,0.006644093053976334,0.016131955558187378,0.029420141666140046,0.0,0.2548159346653783,True
jhr_se15,Chinese,70+,PN,104471,0.04057386201445918,0.015945433266986685,0.0021709619705555026,0.0008338741477770706,0.004558178786243809,0.011387254480742875,0.020503612053230494,0.0,0.19573853030984675,True
jhr_se15,Indian,18-29,PN,47094,0.018290104026083224,0.005743693525612909,0.010353044867439263,0.020187509505736,0.04446743182958803,0.0,0.05021112535520094,0.0,0.7216630568649934,True
jhr_se15,Indian,30-39,PN,40067,0.015560997112436331,0.0118470103424099,0.010535305773243912,0.006881371251750401,0.024663774155126616,0.0,0.036510784497536516,0.0,0.7190206404272843,True
jhr_se15,Indian,40-49,PN,37067,0.014395873910367072,0.04714970936496223,0.011895401893218503,0.004900136589300437,0.02521568183278856,0.02193402753217367,0.07236539119775079,0.0,0.71322200339925,False
jhr_se15,Indian,50-59,PN,28158,0.010935846374622063,0.0288015622299323,0.012941738258860956,0.005689716822701296,0.02770898429049561,0.0010925779394366925,0.05651054652042791,0.0,0.7623765892463953,False
jhr_se15,Indian,60-69,PN,21012,0.00816052290729309,0.046199655217624216,0.015045750501156209,0.007780302154625605,0.03319916652289968,0.01300048869472454,0.0793988217405239,0.0,0.7159718256234533,False
jhr_se15,Indian,70+,PN,12196,0.004736614190812227,0.008551042869525996,0.00752929834328497,0.006832116589853822,0.019927345219494085,0.0,0.028478388089020083,0.0,0.6862085929813053,False
jhr_se15,Other,18-29,PN,24391,0.009472840007223763,0.12240312730554696,0.033620820218162546,0.05952068866405773,0.13398534670195458,0.0,0.25638847400750153,0.0,0.9087368291582961,False
jhr_se15,Other,30-39,PN,19578,0.007603594016703983,0.13928716397689198,0.04815447408804603,0.01620434743939418,0.09958332097912449,0.03970384299776748,0.23887048495601648,0.0,0.9412605986311166,False
jhr_se15,Other,40-49,PN,11384,0.004421254177452147,0.1833990127464791,0.04944449105197289,0.01978266956952851,0.10438010705000489,0.07901890569647421,0.28777911979648396,0.0,0.9485242445537596,False
jhr_se15,Other,50-59,PN,6474,0.0025143358700654606,0.13147929497227084,0.0675382193328286,0.02576946908186827,0.1416834179959979,0.0,0.2731627129682688,0.0,0.9737411183194316,False
jhr_se15,Other,60-69,PN,3549,0.001378340748047933,0.00563299272250518,0.03317455593130943,0.03837443429546944,0.09942337136377741,0.0,0.10505636408628259,0.0,0.9839391377852916,False
jhr_se15,Other,70+,PN,1304,0.0005064402184994379,0.007634081707906576,0.00984427936401823,0.04699192255572729,0.09410348892706936,0.0,0.10173757063497595,0.0,0.995398773006135,False
ge15,Malay,18-29,turnout,418053,0.1611887435118189,0.7981222239339725,0.008434734593389736,0.030258909756561283,0.061568537782568974,0.7365536861514035,0.8596907617165415,0.49828849452102963,0.9675974098977881,False
ge15,Malay,30-39,turnout,322091,0.12418866408437508,0.7375737065453625,0.007334907062451685,0.014276796350087384,0.03145954327204766,0.7061141632733148,0.7690332498174102,0.3449366793856395,0.9721631464399813,True
ge15,Malay,40-49,turnout,234120,0.09026967545021095,0.7850529632911735,0.007581535025114333,0.005277347659647193,0.01810535841348295,0.7669476048776905,0.8031583217046564,0.34984196138732276,0.9837946352297967,True
ge15,Malay,50-59,turnout,187795,0.07240813984782318,0.8432431298367598,0.00913457407800487,0.0022599043262245136,0.01844354908890336,0.8247995807478564,0.8616866789256631,0.38243829707926197,0.9965334540323225,True
ge15,Malay,60-69,turnout,132538,0.05110269197343267,0.8460647505679938,0.01111527024046265,0.0036177603396952956,0.02291083415916452,0.8231539164088293,0.8689755847271583,0.31077879551524845,0.9964236671746971,True
ge15,Malay,70+,turnout,84876,0.032725649126568016,0.6390882463929077,0.015612390331545748,0.005214751314622851,0.03226212173789213,0.6068261246550156,0.6713503681307998,0.21435977190254019,0.9868042791837505,True
ge15,Chinese,18-29,turnout,219348,0.08457403370345494,0.6596711952295968,0.007658759334293235,0.02299797981188055,0.047509836818812365,0.6121613584107845,0.7071810320484092,0.2992505060451885,0.9848551160712657,True
ge15,Chinese,30-39,turnout,174553,0.06730242037784329,0.6418113923973954,0.009426981588803911,0.006961466842360975,0.022968825340013432,0.6188425670573819,0.6647802177374088,0.17953286394390242,0.989636385510418,True
ge15,Chinese,40-49,turnout,176944,0.06822431852409928,0.7153814582569226,0.013072581746380041,0.0023295411686287625,0.026025903789222673,0.6893555544676999,0.7414073620461452,0.28445157790035264,0.9917544533863821,True
ge15,Chinese,50-59,turnout,160446,0.061863182757921346,0.76302905760465,0.008314001779847353,0.001965746685596281,0.0167447315793833,0.7462843260252667,0.7797737891840333,0.37365219450780945,0.9944903581267218,True
ge15,Chinese,60-69,turnout,126660,0.0488363108342889,0.7796090756222618,0.008202786833246697,0.0021293941187698097,0.016610353146324766,0.762998722475937,0.7962194287685865,0.33762040107374075,0.9855202905416075,True
ge15,Chinese,70+,turnout,101231,0.03903164836622375,0.5638558797484237,0.012838134527347217,0.0024218076638112098,0.025606546789666913,0.5382493329587568,0.5894624265380906,0.23871146190396222,0.9066886625638392,True
ge15,Indian,18-29,turnout,49587,0.019119265319279044,0.6939347644199628,0.03611714656837352,0.042064452224497596,0.10866722241904878,0.585267542000914,0.8026019868390116,0.008449795309254441,1.0,False
ge15,Indian,30-39,turnout,39980,0.015415093219286835,0.6367718697038972,0.032887544945286756,0.016374249267480108,0.07200717375924143,0.5647646959446557,0.7087790434631387,0.0023761880940470236,1.0,False
ge15,Indian,40-49,turnout,36931,0.014239489937005554,0.7645879951244134,0.03439909497747334,0.009057416089372279,0.06972022014980836,0.6948677749746051,0.8343082152742218,0.011453792207088895,1.0,False
ge15,Indian,50-59,turnout,27969,0.010784010561536606,0.7746892203204171,0.03677137201589301,0.01173145055186573,0.07565094069462933,0.6990382796257878,0.8503401610150464,0.024884693768100395,1.0,False
ge15,Indian,60-69,turnout,20690,0.007977445690521376,0.7493123874504323,0.034376505162504234,0.013719042085605536,0.07254532256475528,0.676767064885677,0.8218577100151876,0.022571290478492025,1.0,False
ge15,Indian,70+,turnout,11753,0.0045316055679409245,0.2568348606237189,0.12458048147000733,0.023859018593628902,0.24861538959558066,0.008219471028138248,0.5054502502192996,0.0011061005700672168,1.0,False
ge15,Other,18-29,turnout,25718,0.009916092231456198,0.6177472117428061,0.033239201274274044,0.05481497886595929,0.1256469524280465,0.49210025931475965,0.7433941641708526,0.019324986390854653,1.0,False
ge15,Other,30-39,turnout,19650,0.0075764527703598376,0.6542882598103485,0.05128149729797792,0.030752629691675,0.11719941564072758,0.537088844169621,0.7714876754510761,0.003460559796437659,1.0,False
ge15,Other,40-49,turnout,11446,0.004413235542470162,0.5555323914551945,0.11703274671155713,0.022959706646281896,0.23375670240335156,0.32177568905184295,0.7892890938585461,0.004280971518434387,1.0,False
ge15,Other,50-59,turnout,6439,0.0024826859739616788,0.7536239712091772,0.1169988128682507,0.034937459302400206,0.23932353067254694,0.5143004405366303,0.9929475018817242,0.008697002640161516,1.0,False
ge15,Other,60-69,turnout,3499,0.001349109834274253,0.6467833965561505,0.12981983626084942,0.07529498387751088,0.29414712314993396,0.3526362734062165,0.9409305197060844,0.0002857959416976279,1.0,False
ge15,Other,70+,turnout,1245,0.00048003479384722635,0.36832366185194704,0.11094734567915544,0.1831632902817967,0.4197243070638994,0.0,0.7880479689158464,0.0,1.0,False
ge15,Malay,18-29,BN,418053,0.1611887435118189,0.27715924133028186,0.011035726047566516,0.028881821229809895,0.0606000446141258,0.21655919671615606,0.33775928594440763,0.05710519957995756,0.41808335306767325,False
ge15,Malay,30-39,BN,322091,0.12418866408437508,0.3165195194575552,0.013291618520842964,0.015594724277776766,0.040161473643014506,0.2763580458145407,0.35668099310056967,0.04470786206382668,0.5897681090126703,True
ge15,Malay,40-49,BN,234120,0.09026967545021095,0.36435140412251915,0.011452913013296645,0.005354190455652278,0.024779591899568184,0.33957181222295096,0.38913099602208734,0.0449128651973347,0.7036776012301383,True
ge15,Malay,50-59,BN,187795,0.07240813984782318,0.4363399677252654,0.015970628871537107,0.0030917463652567305,0.03188359671095659,0.4044563710143088,0.468223564436222,0.04323331292100429,0.8065869698341276,True
ge15,Malay,60-69,BN,132538,0.05110269197343267,0.5781379614886105,0.02286888312661129,0.003250541279624314,0.04527353228719888,0.5328644292014116,0.6234114937758094,0.07133048635108422,0.9051441850639061,True
ge15,Malay,70+,BN,84876,0.032725649126568016,0.5007598601685065,0.022274510563348126,0.008437225449273772,0.046685068559079335,0.45407479160942715,0.5474449287275858,0.06584900325180262,0.8963429002309251,True
ge15,Chinese,18-29,BN,219348,0.08457403370345494,0.019247028398653856,0.007031733169136973,0.01826960234086442,0.03836915348920127,0.0,0.057616181887855125,0.0,0.3690209165344567,True
ge15,Chinese,30-39,BN,174553,0.06730242037784329,0.023819889793387488,0.0069421007904114694,0.0041706420087951725,0.01587321923631475,0.007946670557072738,0.03969310902970224,5.7289190102719516e-05,0.44605936305878446,True
ge15,Chinese,40-49,BN,176944,0.06822431852409928,0.043035581521128276,0.008517775095209039,0.001587748878873893,0.016982406294463865,0.02605317522666441,0.060017987815592144,0.0003277873225427254,0.4456381680079573,True
ge15,Chinese,50-59,BN,160446,0.061863182757921346,0.06109977866823379,0.008766928154490528,0.0014812208639643385,0.01742670869109756,0.04367306997713623,0.07852648735933135,0.00019321142315794723,0.4783416227266495,True
ge15,Chinese,60-69,BN,126660,0.0488363108342889,0.06727385505420605,0.009992848424153841,0.0016861680595296636,0.019862855296448143,0.04741099975775791,0.08713671035065419,0.003805463445444497,0.5054555502921206,True
ge15,Chinese,70+,BN,101231,0.03903164836622375,0.09513488087769813,0.011787543779284083,0.0016882565408626964,0.023339345416343697,0.07179553546135443,0.11847422629404182,0.0037439124378895795,0.45311218895397654,True
ge15,Indian,18-29,BN,49587,0.019119265319279044,0.011472317940309102,0.03076207666319765,0.021294013060870948,0.07332968389118774,0.0,0.08480200183149685,0.0,0.8073285336882651,False
ge15,Indian,30-39,BN,39980,0.015415093219286835,0.04288251532541163,0.0327551590701367,0.010654150998518446,0.06751087286037727,0.0,0.1103933881857889,0.0,0.855527763881941,False
ge15,Indian,40-49,BN,36931,0.014239489937005554,0.0639728884599869,0.03562139840267636,0.006534515827442294,0.07098296127886863,0.0,0.13495584973885555,0.0,0.8544583141534212,False
ge15,Indian,50-59,BN,27969,0.010784010561536606,0.09151702043951634,0.049545509368592804,0.011003107138343942,0.09947508554458571,0.0,0.19099210598410205,0.0,0.9323179234152097,False
ge15,Indian,60-69,BN,20690,0.007977445690521376,0.15574825064019496,0.06280328688153027,0.00943915979080212,0.12447698418077385,0.031271266459421104,0.28022523482096884,0.0,0.9650072498791686,False
ge15,Indian,70+,BN,11753,0.0045316055679409245,0.10147859573861527,0.08739966121903672,0.020880246253275652,0.17612413713507585,0.0,0.27760273287369114,0.0,0.9627329192546584,False
ge15,Other,18-29,BN,25718,0.009916092231456198,0.23430083688176706,0.08886332807387175,0.07864198734081009,0.23258233484600965,0.0017185020357574077,0.4668831717277767,0.0,0.9394198615755502,False
ge15,Other,30-39,BN,19650,0.0075764527703598376,0.18510233917106889,0.10441928214615759,0.023185319300694788,0.20964621697135646,0.0,0.3947485561424253,0.0,0.9679389312977099,False
ge15,Other,40-49,BN,11446,0.004413235542470162,0.1683640641958071,0.09357197879590778,0.022838624888230727,0.18878491687277849,0.0,0.3571489810685856,0.0,0.9872444522103792,False
ge15,Other,50-59,BN,6439,0.0024826859739616788,0.36794615145899967,0.20323798294939902,0.03805152996363183,0.4052680802566874,0.0,0.7732142317156872,0.0,0.9998446963814257,False
ge15,Other,60-69,BN,3499,0.001349109834274253,0.3091849056254637,0.16746353362285887,0.07252049101087292,0.35768392608111393,0.0,0.6668688317065776,0.0,1.0,False
ge15,Other,70+,BN,1245,0.00048003479384722635,0.006796430357309947,0.008302168691392865,0.10056770087784704,0.19778321507781127,0.0,0.20457964543512122,0.0,1.0,False
ge15,Malay,18-29,PH,418053,0.1611887435118189,0.09342122516285947,0.008493236171782898,0.016965272784052136,0.037186088897394144,0.05623513626546533,0.1306073140602536,0.011768842706546778,0.4511294022528244,True
ge15,Malay,30-39,PH,322091,0.12418866408437508,0.04977757119555971,0.007936571592036612,0.006350169194921014,0.019922107345262084,0.029855463850297623,0.06969967854082179,0.0019280265515025257,0.4836304025880885,True
ge15,Malay,40-49,PH,234120,0.09026967545021095,0.048266061650765135,0.006255490000832285,0.0016433043234165758,0.012676761845452073,0.035589299805313064,0.060942823496217206,0.0015633008713480266,0.5230351956261746,True
ge15,Malay,50-59,PH,187795,0.07240813984782318,0.06748725514456701,0.005715151747978399,0.0015089814936543775,0.011585570552795008,0.055901684591772,0.07907282569736201,0.0006283447376128225,0.563039484544317,True
ge15,Malay,60-69,PH,132538,0.05110269197343267,0.04445514072882142,0.011481746616060958,0.0017509521133354522,0.022764397083844742,0.021690743644976675,0.06721953781266615,0.0010034857927537762,0.5397470914002022,True
ge15,Malay,70+,PH,84876,0.032725649126568016,0.025706576995142543,0.004373325445988105,0.003589067657436967,0.011088713139906203,0.01461786385523634,0.036795290135048744,0.0,0.4902917196851878,True
ge15,Chinese,18-29,PH,219348,0.08457403370345494,0.6369795554867494,0.010231537532862748,0.018410543368370853,0.04128266569376563,0.5956968897929839,0.678262221180515,0.08975691595090905,0.8882278388679177,True
ge15,Chinese,30-39,PH,174553,0.06730242037784329,0.6119513379962188,0.010464005278007765,0.009178712332107212,0.027281634667960408,0.5846697033282584,0.6392329726641792,0.04615790046576112,0.9238741241915063,True
ge15,Chinese,40-49,PH,176944,0.06822431852409928,0.6588591092094802,0.016006112016995255,0.002003537112971948,0.03161679777980402,0.6272423114296762,0.6904759069892842,0.10667216746541279,0.942840672755222,True
ge15,Chinese,50-59,PH,160446,0.061863182757921346,0.6910813349566102,0.01087204653578126,0.0015712062656851721,0.021530587510730212,0.66955074744588,0.7126119224673404,0.1517644565772908,0.952314174239308,True
ge15,Chinese,60-69,PH,126660,0.0488363108342889,0.6838043114183598,0.010971450554925308,0.0022959529227636814,0.021969853861093413,0.6618344575572664,0.7057741652794532,0.1533633349123638,0.9264803410705826,True
ge15,Chinese,70+,PH,101231,0.03903164836622375,0.43970181499064326,0.014070044487371923,0.0019271897849994079,0.027834775079760028,0.41186703991088325,0.46753659007040327,0.09874445574972093,0.7701099465578726,True
ge15,Indian,18-29,PH,49587,0.019119265319279044,0.6769517666614774,0.05600062740905816,0.033521512613408265,0.12792303154328893,0.5490287351181884,0.8048747982047664,0.0009276624921854518,0.9995361687539073,False
ge15,Indian,30-39,PH,39980,0.015415093219286835,0.5896161434785155,0.05255930227555391,0.012972216241398786,0.10610750411484295,0.4835086393636726,0.6957236475933585,0.0,0.9999499749874937,False
ge15,Indian,40-49,PH,36931,0.014239489937005554,0.6846124278338876,0.05300506878959183,0.008020004453994641,0.10507241351360937,0.5795400143202782,0.7896848413474971,0.000270775229482007,1.0,False
ge15,Indian,50-59,PH,27969,0.010784010561536606,0.6615633756882585,0.049391973870365126,0.007895050328434088,0.09803721142424165,0.5635261642640168,0.7596005871125002,0.001966462869605635,0.999535199685366,False
ge15,Indian,60-69,PH,20690,0.007977445690521376,0.554550402106019,0.05482003156365717,0.013125372696058917,0.11048405899126633,0.4440663431147527,0.6650344610972854,0.0,0.9956984050265829,False
ge15,Indian,70+,PH,11753,0.0045316055679409245,0.12958604650843208,0.06663946513733171,0.016696026384230754,0.13465036823751209,0.0,0.26423641474594417,0.0,0.9977877988598656,False
ge15,Other,18-29,PH,25718,0.009916092231456198,0.10162766365617605,0.03864838532859507,0.028513459420279195,0.09413541608507055,0.007492247571105504,0.1957630797412466,0.0,0.9068745625631853,False
ge15,Other,30-39,PH,19650,0.0075764527703598376,0.11337891600493871,0.05595567575452033,0.02225085790918742,0.11802615386594623,0.0,0.23140506987088494,0.0,0.9133842239185751,False
ge15,Other,40-49,PH,11446,0.004413235542470162,0.125488367690343,0.08850016389498101,0.018453453579190232,0.17719103502924397,0.0,0.30267940271958693,0.0,0.9539577144854098,False
ge15,Other,50-59,PH,6439,0.0024826859739616788,0.24870893106247177,0.12493029139481727,0.027361140912950457,0.25066714052181804,0.0,0.4993760715842898,0.0,0.9714241341823264,False
ge15,Other,60-69,PH,3499,0.001349109834274253,0.2746147463815046,0.10155764911334826,0.0529380153556086,0.224472542076015,0.05014220430548963,0.4990872884575196,0.0,0.9791368962560731,False
ge15,Other,70+,PH,1245,0.00048003479384722635,0.29984577417358305,0.13094475832987765,0.10698708752263568,0.33142415767154076,0.0,0.6312699318451238,0.0,0.989558232931727,False
ge15,Malay,18-29,PN,418053,0.1611887435118189,0.4209820675380812,0.013683342515985849,0.032629565383588424,0.06934973028095219,0.351632337257129,0.4903317978190334,0.10794803529695995,0.5496408350137423,False
ge15,Malay,30-39,PN,322091,0.12418866408437508,0.36400852430796987,0.01336584740307889,0.016846297307847806,0.04214882408035764,0.32185970022761223,0.4061573483883275,0.05103837114355881,0.6531725506145779,True
ge15,Malay,40-49,PN,234120,0.09026967545021095,0.365992734618999,0.014530644409148879,0.0040460374202426225,0.029563534831909953,0.3364291997870891,0.39555626945090894,0.033675038441824706,0.6777806253203486,True
ge15,Malay,50-59,PN,187795,0.07240813984782318,0.32512496872552127,0.016352776854604612,0.0026340618729908043,0.03246458191519303,0.29266038681032824,0.3575895506407143,0.01668308527916079,0.6179237998881759,True
ge15,Malay,60-69,PN,132538,0.05110269197343267,0.20901297120520346,0.014488765064711393,0.003088417382582256,0.02903597180617669,0.17997699939902678,0.23804894301138013,0.005990734732680439,0.5110911587620154,True
ge15,Malay,70+,PN,84876,0.032725649126568016,0.08995780343017222,0.010844539983068488,0.007605219646286951,0.025961190584829468,0.06399661284534275,0.11591899401500169,0.000270983552476554,0.46888401903954,True
ge15,Chinese,18-29,PN,219348,0.08457403370345494,0.00047641380843496244,0.0014891575828595114,0.02047192706454329,0.040230993995976905,0.0,0.040707407804411865,0.0,0.44304940095191203,True
ge15,Chinese,30-39,PN,174553,0.06730242037784329,0.0020729758235994364,0.0018963180888674103,0.0014242351478687713,0.004648328351477397,0.0,0.006721304175076833,0.0,0.4615159865484982,True
ge15,Chinese,40-49,PN,176944,0.06822431852409928,0.003735936940252464,0.0028650250211243833,0.0007409073142050376,0.005800180157175398,0.0,0.009536117097427861,0.0,0.3854552852880007,True
ge15,Chinese,50-59,PN,160446,0.061863182757921346,0.003692869373616145,0.0024797540116411345,0.0005344093960727228,0.0049719035935025975,0.0,0.008664772967118742,0.0,0.3327038380514316,True
ge15,Chinese,60-69,PN,126660,0.0488363108342889,0.017203359264264848,0.003837282328386968,0.0008982770323654363,0.007724398865351003,0.009478960398913844,0.02492775812961585,7.895152376440865e-06,0.2709853150165798,True
ge15,Chinese,70+,PN,101231,0.03903164836622375,0.01104655045716636,0.0018824124241024363,0.0007403228625044202,0.003964607883736063,0.007081942573430298,0.015011158340902424,0.0,0.21159526232083056,True
ge15,Indian,18-29,PN,49587,0.019119265319279044,0.0006656690438790824,0.007012357920542871,0.037530480665025664,0.07483274205609575,0.0,0.07549841109997484,0.0,0.8528444955331035,False
ge15,Indian,30-39,PN,39980,0.015415093219286835,0.0016403836500422481,0.009621448236109635,0.004235510068507807,0.020604421268963193,0.0,0.02224480491900544,0.0,0.8389694847423712,True
ge15,Indian,40-49,PN,36931,0.014239489937005554,0.01367955937959349,0.020496123477534146,0.003941511776190245,0.04090847245340364,0.0,0.05458803183299713,0.0,0.7752024044840378,False
ge15,Indian,50-59,PN,27969,0.010784010561536606,0.010526564101753814,0.016868072109716272,0.004026678517510377,0.03399037835137006,0.0,0.044516942453123876,0.0,0.7879437949157997,False
ge15,Indian,60-69,PN,20690,0.007977445690521376,0.009744955252268924,0.013321393803762733,0.005358526618258402,0.028143125349820608,0.0,0.037888080602089536,0.0,0.7234412759787336,False
ge15,Indian,70+,PN,11753,0.0045316055679409245,0.004192687884518735,0.005998200996100996,0.0061394675442686935,0.0168230896604461,0.0,0.021015777544964837,0.0,0.6894409937888198,False
ge15,Other,18-29,PN,25718,0.009916092231456198,0.2772261004532826,0.09356234468250932,0.07699868032946175,0.2374975691161037,0.03972853133717891,0.5147236695693863,0.0,0.9684656660704565,False
ge15,Other,30-39,PN,19650,0.0075764527703598376,0.347492409335366,0.14782151664708998,0.023966456132544566,0.29351346386824895,0.05397894546711707,0.641005873203615,0.0,0.9795928753180662,False
ge15,Other,40-49,PN,11446,0.004413235542470162,0.24297272141453943,0.09832560984932603,0.02300900501510723,0.19792448262316248,0.045048238791376954,0.44089720403770194,0.0,0.9585881530665735,False
ge15,Other,50-59,PN,6439,0.0024826859739616788,0.09098257416835343,0.09994381753238539,0.029719857745710468,0.20436735510076046,0.0,0.29534992926911385,0.0,0.9760832427395558,False
ge15,Other,60-69,PN,3499,0.001349109834274253,0.005879478433406821,0.0486856178229101,0.034635409566478224,0.11710735074933873,0.0,0.12298682918274555,0.0,0.9845670191483281,False
ge15,Other,70+,PN,1245,0.00048003479384722635,0.009790403907097877,0.013173413003444016,0.03749296883731973,0.07789025012435569,0.0,0.08768065403145356,0.0,0.9887550200803212,False
jhr_se16,Malay,18-29,turnout,401380,0.14848465230700936,0.7462474853394266,0.006964418505286465,0.04050128546090452,0.08054758846887958,0.6656998968705471,0.8267950738083062,0.410346803527829,0.9431586028202701,False
jhr_se16,Malay,30-39,turnout,338130,0.1250862411793539,0.7310891116242663,0.007456880080547305,0.017052893259626063,0.03647950341707478,0.6946096082071915,0.767568615041341,0.3003815100700914,0.9699908319285482,True
jhr_se16,Malay,40-49,turnout,271767,0.10053622129532865,0.7395427636945234,0.006864905256117164,0.004051435722426612,0.015623678156838499,0.7239190855376849,0.755166441851362,0.3263972446985837,0.9706734077353026,True
jhr_se16,Malay,50-59,turnout,195152,0.07219362416417731,0.8141430120383027,0.008964354391291174,0.0021496694069183964,0.018068258507617032,0.7960747535306857,0.8322112705459198,0.32853878002787573,0.9946656964827416,True
jhr_se16,Malay,60-69,turnout,150315,0.05560683270598463,0.8348392311322119,0.008095943273217727,0.003023713148973923,0.01693865732557287,0.817900573806639,0.8517778884577848,0.3026510993580148,0.9973987958620231,True
jhr_se16,Malay,70+,turnout,104298,0.03858351753031158,0.6868252557672219,0.014470530545255414,0.008457759573602373,0.03285149160667732,0.6539737641605445,0.7196767473738992,0.2465627337053443,0.9911503576291012,True
jhr_se16,Chinese,18-29,turnout,200788,0.07427857981817677,0.5294738078692243,0.008186009611890309,0.03374601721537432,0.06806040187328179,0.4614134059959425,0.597534209742506,0.15162260692870091,0.9559933860589278,False
jhr_se16,Chinese,30-39,turnout,180438,0.06675039536840938,0.5460185581745004,0.011527876050031178,0.00964779750649599,0.029463430540408144,0.5165551276340923,0.5754819887149085,0.10403019319655504,0.9788348352342633,True
jhr_se16,Chinese,40-49,turnout,169874,0.06284239829089866,0.6067129690369958,0.011722307135791208,0.0019304602475113649,0.02328519276823472,0.5834277762687611,0.6299981618052305,0.15736369309017273,0.9862662914866313,True
jhr_se16,Chinese,50-59,turnout,165638,0.0612753521322149,0.6877203434173632,0.01152367485660561,0.002378394664717274,0.02306245003324633,0.6646578933841168,0.7107827934506096,0.2788007582801048,0.9852751180284717,True
jhr_se16,Chinese,60-69,turnout,136732,0.05058200079536101,0.7661827233096736,0.007485713497594507,0.0025350292973800237,0.01549048402270511,0.7506922392869685,0.7816732073323788,0.3108635871632098,0.9882470818828072,True
jhr_se16,Chinese,70+,turnout,127933,0.047326939617301875,0.562617658250324,0.01004206782930005,0.0020901575660475457,0.02010427758419364,0.5425133806661303,0.5827219358345176,0.24909132123846076,0.8929361462640601,True
jhr_se16,Indian,18-29,turnout,44511,0.016466192532854883,0.49492601272014697,0.03945278433350441,0.05931005675832259,0.13961757060452723,0.35530844211561974,0.6345435833246742,0.0019545730268922287,1.0,False
jhr_se16,Indian,30-39,turnout,41451,0.015334190350236296,0.47509323107469753,0.039129270463251216,0.021890898821999797,0.08787952963906288,0.38721370143563466,0.5629727607137605,0.0004342476659187957,1.0,False
jhr_se16,Indian,40-49,turnout,38597,0.014278394850499875,0.6304771552680949,0.03450706773098329,0.011940360354373476,0.07156845270377603,0.5589087025643189,0.7020456079718709,0.0013731637173873617,1.0,False
jhr_se16,Indian,50-59,turnout,30053,0.011117667187658957,0.6526452642395096,0.029765072875405238,0.01097463254323736,0.06217872943947546,0.5904665348000342,0.7148239936789851,0.002828336605330583,1.0,False
jhr_se16,Indian,60-69,turnout,22597,0.008359429189749091,0.7316167633793652,0.0299415687961394,0.012596912155138506,0.06366771929952017,0.667949044079845,0.7952844826788854,0.011992742399433553,1.0,False
jhr_se16,Indian,70+,turnout,15887,0.005877162965771732,0.29146138115638237,0.09433476448617305,0.016879273256744376,0.18783261626401962,0.10362876489236275,0.479293997420402,0.0,0.9988669981746082,False
jhr_se16,Other,18-29,turnout,17219,0.006369916857029234,0.6059510026228377,0.07374523594381364,0.08080788553689562,0.214423231310923,0.39152777131191474,0.8203742339337607,0.0016261106916777978,1.0,False
jhr_se16,Other,30-39,turnout,22018,0.008145236619900673,0.7561055525543132,0.044475691561888034,0.021714081024722953,0.0970069018544977,0.6590986506998155,0.8531124544088109,0.007857207739122535,1.0,False
jhr_se16,Other,40-49,turnout,14333,0.005302283425971312,0.5765596419822502,0.08519599551121772,0.017041804417877702,0.1702920906126368,0.40626755136961334,0.746851732594887,0.0018837647387148538,1.0,False
jhr_se16,Other,50-59,turnout,7890,0.00291878994145773,0.8476552287509941,0.11136945452133364,0.03583589356595769,0.22930631869179066,0.6183489100592034,1.0,0.0,1.0,False
jhr_se16,Other,60-69,turnout,4332,0.0016025599526482746,0.3378580153093728,0.1652977533952634,0.0589986169331866,0.34400196736692784,0.0,0.6818599826763007,0.0,1.0,False
jhr_se16,Other,70+,turnout,1842,0.000681420921693934,0.4981231937949473,0.11356421730601153,0.07010272091539713,0.2615790397104411,0.2365441540845062,0.7597022335053885,0.0,1.0,False
jhr_se16,Malay,18-29,BN,401380,0.14848465230700936,0.6475777623551248,0.011976163093395442,0.04430030577479026,0.08994554195605278,0.557632220399072,0.7375233043111775,0.25257860381683195,0.8107653595096915,False
jhr_se16,Malay,30-39,BN,338130,0.1250862411793539,0.6263219121526133,0.014836952770818014,0.019746235510034398,0.048410372630720996,0.5779115395218923,0.6747322847833344,0.16282790642652234,0.8906603968887706,True
jhr_se16,Malay,40-49,BN,271767,0.10053622129532865,0.6212149555945347,0.013088259996881459,0.003945858006018628,0.02679344698105889,0.5944215086134758,0.6480084025755936,0.16568604723899516,0.9073250247454621,True
jhr_se16,Malay,50-59,BN,195152,0.07219362416417731,0.6629924481517403,0.01430735399831602,0.0022672691781899443,0.028392336205131364,0.6346001119466089,0.6913847843568717,0.13514593752562107,0.954983807493646,True
jhr_se16,Malay,60-69,BN,150315,0.05560683270598463,0.6991292084173644,0.0134664200925565,0.0029485397946427245,0.02701946247366302,0.6721097459437013,0.7261486708910274,0.11524465289558594,0.9715264610983602,True
jhr_se16,Malay,70+,BN,104298,0.03858351753031158,0.5911405768226167,0.017595452449843264,0.008989633259893612,0.03872741046446676,0.55241316635815,0.6298679872870834,0.11981054286755259,0.9443997008571593,True
jhr_se16,Chinese,18-29,BN,200788,0.07427857981817677,0.027587871793998076,0.010015486081683553,0.03494977144455529,0.07125877755488313,0.00017929358328186944,0.09884664934888121,0.00017929358328186944,0.6508954718409466,False
jhr_se16,Chinese,30-39,BN,180438,0.06675039536840938,0.04487185033887853,0.00855067423355774,0.004815665524907883,0.01923444822084423,0.025637402118034298,0.06410629855972276,0.0,0.7072512441946819,True
jhr_se16,Chinese,40-49,BN,169874,0.06284239829089866,0.07201591077121132,0.009691984805884067,0.0018236250968115364,0.019329632683892223,0.0526862780873191,0.09134554345510354,0.0,0.6833829779719086,True
jhr_se16,Chinese,50-59,BN,165638,0.0612753521322149,0.09057161112106032,0.009517651359830268,0.0014083105189397968,0.018857708503251823,0.0717139026178085,0.10942931962431215,0.0008935147731800674,0.6345403832453905,True
jhr_se16,Chinese,60-69,BN,136732,0.05058200079536101,0.09978317304949924,0.008825370349050498,0.0014727683419542884,0.017536930465145692,0.08224624258435355,0.11732010351464493,0.0020478015387765847,0.6191820495567972,True
jhr_se16,Chinese,70+,BN,127933,0.047326939617301875,0.09859392269219004,0.00901045290102328,0.0012313933616757155,0.01782464465681888,0.08076927803537116,0.11641856734900892,0.005174583571087991,0.49980849350832074,True
jhr_se16,Indian,18-29,BN,44511,0.016466192532854883,0.2419438120200329,0.046553904036486106,0.060164842744321614,0.14910273158948106,0.09284108043055184,0.39104654360951396,0.0,0.9814652557794702,False
jhr_se16,Indian,30-39,BN,41451,0.015334190350236296,0.22881963880299167,0.036881359108538056,0.01708558786844815,0.07966747754983261,0.14915216125315905,0.3084871163528243,0.0,0.9856215772840221,False
jhr_se16,Indian,40-49,BN,38597,0.014278394850499875,0.34416583433225395,0.03475518333156243,0.010048910424507566,0.0709103883986749,0.27325544593357903,0.41507622273092887,0.0,0.9824338679171957,False
jhr_se16,Indian,50-59,BN,30053,0.011117667187658957,0.30528015701642564,0.04352025161058831,0.00990476486666768,0.0874809430056009,0.21779921401082475,0.3927611000220265,0.0,0.9918144611186903,False
jhr_se16,Indian,60-69,BN,22597,0.008359429189749091,0.34399842893874755,0.03786252934780389,0.01312947156619007,0.07854574126692712,0.2654526876718204,0.4225441702056747,0.0,0.9949108288710891,False
jhr_se16,Indian,70+,BN,15887,0.005877162965771732,0.13127893546666267,0.0699578519027758,0.01691417838919392,0.1410681385811023,0.0,0.2723470740477649,0.0,0.9844526971737899,False
jhr_se16,Other,18-29,BN,17219,0.006369916857029234,0.4871825098541314,0.07476407534277962,0.08052393285559264,0.2153661942246913,0.2718163156294401,0.7025487040788227,0.0,0.9990127185086242,False
jhr_se16,Other,30-39,BN,22018,0.008145236619900673,0.639780120702227,0.04350652052941676,0.02252690946290958,0.09602557848775566,0.5437545422144714,0.7358056991899826,0.0,0.9983195567263148,False
jhr_se16,Other,40-49,BN,14333,0.005302283425971312,0.3807753903687785,0.06939578826280117,0.01768781632790098,0.14036438804443976,0.24041100232433874,0.5211397784132182,0.0,0.9981860043256819,False
jhr_se16,Other,50-59,BN,7890,0.00291878994145773,0.450464499101682,0.12411733007601146,0.03259983281529484,0.2515212391833449,0.1989432599183371,0.701985738285027,0.0,1.0,False
jhr_se16,Other,60-69,BN,4332,0.0016025599526482746,0.175147009173018,0.1355770000936452,0.05601956845442561,0.2875214783632384,0.0,0.4626684875362564,0.0,1.0,False
jhr_se16,Other,70+,BN,1842,0.000681420921693934,0.006887529950029092,0.022619180008346264,0.09246902064788352,0.18658280798947222,0.0,0.1934703379395013,0.0,1.0,False
jhr_se16,Malay,18-29,PH,401380,0.14848465230700936,0.031981037042878566,0.002562578016894324,0.008657117621842613,0.017695716650454014,0.014285320392424552,0.049676753693332576,0.001288056206088993,0.3134012656335642,True
jhr_se16,Malay,30-39,PH,338130,0.1250862411793539,0.033221063869251534,0.0030203203108552963,0.0029127681275816567,0.008224191984283891,0.024996871884967645,0.04144525585353542,0.0005293821902818442,0.3806080501582232,True
jhr_se16,Malay,40-49,PH,271767,0.10053622129532865,0.030806388265240865,0.0030316902046812087,0.0012126313428704,0.006399818781229712,0.024406569484011154,0.037206207046470575,0.0010118962199236847,0.4064106385249129,True
jhr_se16,Malay,50-59,PH,195152,0.07219362416417731,0.04780015607574187,0.003732525805197247,0.0011823791297044797,0.00767403685913177,0.0401261192166101,0.055474192934873635,0.00036381897187833076,0.489961670902681,True
jhr_se16,Malay,60-69,PH,150315,0.05560683270598463,0.052622896330170574,0.004695535119729153,0.0012373961762569706,0.009517449881783099,0.04310544644838747,0.062140346211953676,0.00045238332834381134,0.5079865615540697,True
jhr_se16,Malay,70+,PH,104298,0.03858351753031158,0.03190376703518769,0.003691870167698192,0.001914580592088978,0.008151226023431176,0.023752541011756514,0.04005499305861887,0.0,0.4484937390937506,True
jhr_se16,Chinese,18-29,PH,200788,0.07427857981817677,0.48335872307229677,0.006608670864879124,0.009777651074312447,0.023131071940790452,0.4602276511315063,0.5064897950130872,0.025718668446321494,0.6746369304938542,True
jhr_se16,Chinese,30-39,PH,180438,0.06675039536840938,0.4863785879673764,0.007458035473897517,0.007606670829568946,0.02087963393965052,0.46549895402772584,0.5072582219070269,0.012580498564603908,0.7843469779093095,True
jhr_se16,Chinese,40-49,PH,169874,0.06284239829089866,0.5160443003491394,0.008822392976865899,0.0022533565031149553,0.01784700635142995,0.49819729399770946,0.5338913067005694,0.024577039452770878,0.839481027114214,True
jhr_se16,Chinese,50-59,PH,165638,0.0612753521322149,0.576763642180303,0.011006426273597804,0.002071647205743034,0.021951399869652336,0.5548122423106506,0.5987150420499553,0.07215131793429044,0.8760489742691895,True
jhr_se16,Chinese,60-69,PH,136732,0.05058200079536101,0.6455664447899004,0.008072464526341751,0.0021003071346209165,0.016348793843543267,0.6292176509463572,0.6619152386334437,0.10909662697832256,0.8996065295614779,True
jhr_se16,Chinese,70+,PH,127933,0.047326939617301875,0.4404930016771661,0.009926659926878308,0.001739515833671589,0.019752725253084667,0.4207402764240814,0.4602457269302508,0.09520608443482136,0.7159841479524438,True
jhr_se16,Indian,18-29,PH,44511,0.016466192532854883,0.15372524544510502,0.025317735105612388,0.024513112589171857,0.06907103404060935,0.08465421140449567,0.22279627948571437,0.0,0.9488665723079688,False
jhr_se16,Indian,30-39,PH,41451,0.015334190350236296,0.15688986052967255,0.023618367538835373,0.008160961778941383,0.04897759530624275,0.1079122652234298,0.20586745583591531,0.0,0.949313647439145,True
jhr_se16,Indian,40-49,PH,38597,0.014278394850499875,0.18365476741024653,0.021293848300470784,0.009217418416086972,0.04547828414105944,0.13817648326918708,0.22913305155130598,0.0,0.9670440707827033,False
jhr_se16,Indian,50-59,PH,30053,0.011117667187658957,0.21129167695559262,0.027715632726154002,0.010459488049327354,0.058062239813274276,0.15322943714231835,0.2693539167688669,0.0,0.9868232788739892,False
jhr_se16,Indian,60-69,PH,22597,0.008359429189749091,0.24070299879333143,0.03107729761797714,0.01089087774706043,0.0645435364194547,0.17615946237387672,0.3052465352127861,0.0,0.9724299685798999,False
jhr_se16,Indian,70+,PH,15887,0.005877162965771732,0.07756101868553515,0.040220857963626365,0.010028196478785547,0.08124624710607668,0.0,0.15880726579161183,0.0,0.9497073078617738,False
jhr_se16,Other,18-29,PH,17219,0.006369916857029234,0.059142448353364435,0.02006976915449588,0.017597004260787846,0.05231585477582604,0.006826593577538398,0.11145830312919047,0.0,0.8649747372088972,False
jhr_se16,Other,30-39,PH,22018,0.008145236619900673,0.045510169765262794,0.018790308438577142,0.008557985724319738,0.04046888900693433,0.005041280758328465,0.08597905877219712,0.0,0.8330002725043146,False
jhr_se16,Other,40-49,PH,14333,0.005302283425971312,0.06357681810840339,0.025348483842641798,0.01205568699645364,0.05501581471841998,0.008561003389983411,0.11859263282682336,0.0,0.9060210702574478,False
jhr_se16,Other,50-59,PH,7890,0.00291878994145773,0.22572840115193485,0.08743745377375604,0.017782239382343797,0.1748855661515508,0.05084283500038406,0.40061396730348564,0.0,0.9621039290240812,False
jhr_se16,Other,60-69,PH,4332,0.0016025599526482746,0.02758178252876662,0.03848090546347215,0.024656577244354744,0.08957707970194988,0.0,0.1171588622307165,0.0,0.9572945521698984,False
jhr_se16,Other,70+,PH,1842,0.000681420921693934,0.2639894436283825,0.09639305244928219,0.07452607985895879,0.2388126056715136,0.025176837956868897,0.5028020492998961,0.0,0.9837133550488599,False
jhr_se16,Malay,18-29,PN,401380,0.14848465230700936,0.05697643594356753,0.009409290669151572,0.007697344311374906,0.023827011518425777,0.03314942442514175,0.0808034474619933,0.005879714983307588,0.09608849469330809,True
jhr_se16,Malay,30-39,PN,338130,0.1250862411793539,0.06472215483822957,0.010151346290399668,0.005512919697750377,0.022641361031831776,0.0420807938063978,0.08736351587006135,0.0034454204004377015,0.14875935291160206,True
jhr_se16,Malay,40-49,PN,271767,0.10053622129532865,0.08158656688592511,0.011465821584172595,0.0016150734511409237,0.022694864193406678,0.058891702692518436,0.10428143107933179,0.006038260715980969,0.1703407698506441,True
jhr_se16,Malay,50-59,PN,195152,0.07219362416417731,0.0905741348612912,0.014926749451037231,0.0012540820750041601,0.02935950274867076,0.061214632112620446,0.11993363760996197,0.002162416987783881,0.1983684512585062,True
jhr_se16,Malay,60-69,PN,150315,0.05560683270598463,0.0671517684716549,0.011276321696518585,0.0010685324963678985,0.022200596736870193,0.0449511717347847,0.08935236520852509,0.00041246715231347506,0.16527957954961248,True
jhr_se16,Malay,70+,PN,104298,0.03858351753031158,0.040507466203897995,0.006272898089608797,0.0028049376485765713,0.013468056340702047,0.027039409863195946,0.053975522544600044,0.0,0.15200674988973903,True
jhr_se16,Chinese,18-29,PN,200788,0.07427857981817677,1.4804788618064829e-05,1.2330883805865165e-05,0.004528074081406667,0.008875058107456228,0.0,0.008889862896074293,0.0,0.08374006414725979,True
jhr_se16,Chinese,30-39,PN,180438,0.06675039536840938,1.6705585031031117e-05,1.1443553210577598e-05,0.0004571934567907541,0.000896379834876722,0.0,0.0009130854199077531,0.0,0.10205721632915461,True
jhr_se16,Chinese,40-49,PN,169874,0.06284239829089866,2.394143697343403e-05,2.6951375997590586e-05,0.00034323642904576573,0.0006748141463416999,0.0,0.0006987555833151338,0.0,0.10445977606932197,True
jhr_se16,Chinese,50-59,PN,165638,0.0612753521322149,2.7392535262218566e-05,2.018983822447399e-05,0.0003431929806556448,0.0006738212377118974,0.0,0.0007012137729741159,0.0,0.0984556683852739,True
jhr_se16,Chinese,60-69,PN,136732,0.05058200079536101,0.00013654348519461705,0.000521537123387515,0.00034452716099986217,0.0012251174936025136,0.0,0.0013616609787971308,0.0,0.08632214843635726,True
jhr_se16,Chinese,70+,PN,127933,0.047326939617301875,0.0026697349307900076,0.0015437540484231212,0.00031691649574586026,0.0030888584087054474,0.0,0.005758593339495455,0.0,0.06419766596577896,True
jhr_se16,Indian,18-29,PN,44511,0.016466192532854883,4.251829021478515e-05,2.4496142746745265e-05,0.007083603766626548,0.013883946399375891,0.0,0.013926464689590676,0.0,0.18150569522140594,True
jhr_se16,Indian,30-39,PN,41451,0.015334190350236296,4.4612417484914246e-05,2.111889759692332e-05,0.002238890356884554,0.004388420320289339,0.0,0.004433032737774253,0.0,0.19396395744372874,True
jhr_se16,Indian,40-49,PN,38597,0.014278394850499875,7.936008313374468e-05,5.610889603269903e-05,0.001173990227945444,0.0023036473458320807,0.0,0.0023830074289658255,0.0,0.21097494623934504,False
jhr_se16,Indian,50-59,PN,30053,0.011117667187658957,8.807104037443122e-05,5.378674521113292e-05,0.0016227282516790744,0.0031822940461526325,0.0,0.0032703650865270636,0.0,0.22447010281835425,False
jhr_se16,Indian,60-69,PN,22597,0.008359429189749091,0.00014898593235929366,0.00011343268547087182,0.0017433922578641114,0.003424274002338409,0.0,0.003573259934697703,0.0,0.2104261627649688,False
jhr_se16,Indian,70+,PN,15887,0.005877162965771732,0.0003061403038865227,0.00030040252833209966,0.0021080870300153056,0.004173590976597129,0.0,0.004479731280483652,0.0,0.2011707685529049,False
jhr_se16,Other,18-29,PN,17219,0.006369916857029234,0.00033833369942784004,0.0032018636980562123,0.008430893700100126,0.017676103246391697,0.0,0.01801443694581954,0.0,0.3763284743597189,False
jhr_se16,Other,30-39,PN,22018,0.008145236619900673,0.00030738169808118207,0.009674487318390605,0.0038635560072149493,0.020418155470733557,0.0,0.02072553716881474,0.0,0.35929693886819875,False
jhr_se16,Other,40-49,PN,14333,0.005302283425971312,0.00044659226713346107,0.005678334288783547,0.0031007915045729853,0.012680819543752945,0.0,0.013127411810886405,0.0,0.39635805483848463,False
jhr_se16,Other,50-59,PN,7890,0.00291878994145773,0.0012273671686595827,0.0105991847261963,0.0028834221856895606,0.02152940588893857,0.0,0.022756773057598153,0.0,0.438276299112801,False
jhr_se16,Other,60-69,PN,4332,0.0016025599526482746,0.0009925030571413683,0.0006034867489737668,0.005227605531584379,0.010314155406697533,0.0,0.011306658463838902,0.0,0.4533702677746999,False
jhr_se16,Other,70+,PN,1842,0.000681420921693934,0.0015210121155139107,0.0008956051789809933,0.01409964078287063,0.027690990627309748,0.0,0.029212002742823658,0.0,0.4761129207383279,False
