election,short,dim,group,party,share_of_registered,turnout,share_of_voters,error,lo,hi,se_sampling,rmse_ident,cite
jhr_se15,SE-15,ethnicity,Malay,BN,0.3593590325895575,0.62741050658994,0.5727654044920635,0.06729969893746242,0.505465705554601,0.6400651034295259,0.013709336988583228,0.031481024130749526,False
jhr_se15,SE-15,ethnicity,Malay,PH,0.0247290748664971,0.62741050658994,0.039414505505977145,0.023534997961091778,0.015879507544885367,0.06294950346706893,0.005415730642538941,0.010716975723778338,True
jhr_se15,SE-15,ethnicity,Malay,PN,0.2177274546406811,0.62741050658994,0.34702551575691476,0.07037407494851895,0.2766514408083958,0.4173995907054337,0.012175130076778574,0.03377788190709571,False
jhr_se15,SE-15,ethnicity,Chinese,BN,0.0559301308803097,0.4453909423900344,0.12557536662101895,0.08698708011850265,0.038588286502516306,0.2125624467395216,0.016531425444263118,0.041187372226559264,False
jhr_se15,SE-15,ethnicity,Chinese,PH,0.3170208911637606,0.4453909423900344,0.7117811814101541,0.12192445926855297,0.5898567221416011,0.8337056406787071,0.04676682500461727,0.041018226455357125,False
jhr_se15,SE-15,ethnicity,Chinese,PN,0.0105650372464381,0.4453909423900344,0.023720817468232583,0.07230401785256484,0.0,0.09602483532079742,0.004576884941703964,0.03660477891132671,False
jhr_se15,SE-15,ethnicity,Indian,BN,0.1114586675793346,0.3401856528783376,0.3276407062916206,0.34572927139094517,0.0,0.6733699776825658,0.07841617048353225,0.15800383892025188,False
jhr_se15,SE-15,ethnicity,Indian,PH,0.1207380741055182,0.3401856528783376,0.35491818389148355,0.2956378028461914,0.05928038104529215,0.6505559867376749,0.12862365173022408,0.07878666495634669,False
jhr_se15,SE-15,ethnicity,Indian,PN,0.0217984614340101,0.3401856528783376,0.06407813277712215,0.24121897784691096,0.0,0.3052971106240331,0.034582152346355935,0.11811233172211054,False
jhr_se15,SE-15,ethnicity,Other,BN,0.1534897198948967,0.3755631420378559,0.40869218172486504,0.3727475027865114,0.035944678938353625,0.7814396845113765,0.1061390057121651,0.15780340899359993,False
jhr_se15,SE-15,ethnicity,Other,PH,0.0286132292297092,0.3755631420378559,0.07618753287250178,0.1051664326050558,0.0,0.18135396547755758,0.043493645762086024,0.03142142486032541,False
jhr_se15,SE-15,ethnicity,Other,PN,0.1514668188623608,0.3755631420378559,0.40330586766444,0.39585423933177466,0.007451628332665328,0.7991601069962146,0.10916509502497274,0.16992183027469243,False
jhr_se15,SE-15,age,18-29,BN,0.212933748080476,0.5144746650684232,0.41388578007462545,0.05229133917297025,0.3615944409016552,0.4661771192475957,0.01427083282018065,0.022541649471664482,False
jhr_se15,SE-15,age,18-29,PH,0.1151762615629913,0.5144746650684232,0.22387159054308978,0.051880309857706496,0.17199128068538327,0.2757519004007963,0.021737974063442193,0.015102891805821875,False
jhr_se15,SE-15,age,18-29,PN,0.141985620925582,0.5144746650684232,0.2759817549163445,0.04508565106245368,0.23089610385389084,0.3210674059787982,0.01242397580663708,0.019359169931711027,True
jhr_se15,SE-15,age,30-39,BN,0.1991329740836317,0.4654411109677245,0.4278370977363887,0.06661593020126222,0.3612211675351265,0.49445302793765095,0.013973614726787598,0.03098230410457127,False
jhr_se15,SE-15,age,30-39,PH,0.0970553954765947,0.4654411109677245,0.20852346986453651,0.05645649801157973,0.15206697185295678,0.2649799678761162,0.019020738991653994,0.021631025044897955,False
jhr_se15,SE-15,age,30-39,PN,0.1377035918522205,0.4654411109677245,0.2958560999605585,0.046585492910388396,0.24927060705017012,0.3424415928709469,0.012129360615494035,0.020440195664420322,True
jhr_se15,SE-15,age,40-49,BN,0.2002423376316395,0.5202175214260691,0.3849204023015534,0.03122229401203886,0.35369810828951453,0.41614269631359224,0.014788646927511813,0.005920523391905549,True
jhr_se15,SE-15,age,40-49,PH,0.1418324216866714,0.5202175214260691,0.27264060867820644,0.050043348458449585,0.22259726021975684,0.32268395713665604,0.02510227940907712,0.004666365377667975,False
jhr_se15,SE-15,age,40-49,PN,0.1347097062961555,0.5202175214260691,0.25894880650478014,0.02524215570336239,0.23370665080141775,0.28419096220814255,0.011737659375147919,0.005299717030201239,True
jhr_se15,SE-15,age,50-59,BN,0.2467655069838533,0.6233960496901847,0.3958406651862661,0.027555479093145884,0.3682851860931202,0.42339614427941197,0.013824185869001967,0.002558331039844547,True
jhr_se15,SE-15,age,50-59,PH,0.1913181111357366,0.6233960496901847,0.3068965727819704,0.051301161226907546,0.2555954115550629,0.35819773400887794,0.02607954105504056,0.0022223978289942613,False
jhr_se15,SE-15,age,50-59,PN,0.1283181797066242,0.6233960496901847,0.2058373320947346,0.0216994342692926,0.184137897825442,0.2275367663640272,0.01092922432238119,0.0017669734389795602,True
jhr_se15,SE-15,age,60-69,BN,0.2896403326734889,0.6534321226138136,0.4432600153094553,0.03814963842848061,0.4051103768809747,0.4814096537379359,0.019299906014623606,0.0025228683813357227,True
jhr_se15,SE-15,age,60-69,PH,0.2135378170943118,0.6534321226138136,0.3267941836714925,0.05385932370755128,0.2729348599639412,0.3806535073790438,0.027403590689307894,0.002037700040438958,False
jhr_se15,SE-15,age,60-69,PN,0.0970049131397,0.6534321226138136,0.14845446035261892,0.018480722788748585,0.12997373756387032,0.16693518314136752,0.009293826776839152,0.001590502155295791,True
jhr_se15,SE-15,age,70+,BN,0.2418053564986831,0.4649762152087573,0.5200381193479355,0.0485905435726517,0.47144757577528384,0.5686286629205872,0.02326746891918766,0.008557056440712498,True
jhr_se15,SE-15,age,70+,PH,0.1374447487049928,0.4649762152087573,0.2955952244638688,0.056062806914055914,0.23953241754981291,0.35165803137792473,0.02773910889526641,0.006978574389861784,False
jhr_se15,SE-15,age,70+,PN,0.04709403668224,0.4649762152087573,0.10128267885938316,0.018881250448553565,0.08240142841082959,0.12016392930793673,0.007547263560003581,0.005986577412595176,True
ge15,GE-15,ethnicity,Malay,BN,0.3642503481084921,0.7776321420493914,0.46840958393069704,0.053178429325542884,0.41523115460515414,0.5215880132562399,0.016329181346373848,0.02166783821818089,False
ge15,GE-15,ethnicity,Malay,PH,0.0626632022308471,0.7776321420493914,0.08058206296064734,0.03549400879302599,0.04508805416762134,0.11607607175367332,0.00861101979976865,0.015930883020462784,True
ge15,GE-15,ethnicity,Malay,PN,0.3412714518093016,0.7776321420493914,0.43885975560360224,0.05112526168183951,0.38773449392176274,0.48998501728544175,0.016610146888281285,0.020112051693876594,False
ge15,GE-15,ethnicity,Chinese,BN,0.0576135519351726,0.6957484439425052,0.08280802125650694,0.05957251395245812,0.023235507304048816,0.14238053520896504,0.011327709315973943,0.028204374379023935,False
ge15,GE-15,ethnicity,Chinese,PH,0.626453816466359,0.6957484439425052,0.9004027560830987,0.055308225308089196,0.8450945307750095,0.9557109813911879,0.011186759765682883,0.025906353453600536,False
ge15,GE-15,ethnicity,Chinese,PN,0.0026618876609301,0.6957484439425052,0.003825934048585628,0.02662327563920136,0.0,0.03044920968778699,0.0020338172701123663,0.013430179897716794,True
ge15,GE-15,ethnicity,Indian,BN,0.0562542803495697,0.686616443432559,0.0819297016371195,0.16350237719085742,0.0,0.2454320788279769,0.05497879212376725,0.06273881396120395,False
ge15,GE-15,ethnicity,Indian,PH,0.6231482120463793,0.686616443432559,0.9075637759723799,0.15757856304122805,0.7499852129311518,1.0,0.055663168311093,0.05801142688065682,False
ge15,GE-15,ethnicity,Indian,PN,0.0003502881959723,0.686616443432559,0.0005101657545821739,0.09975024276105726,0.0,0.10026040851563943,0.006820062160169926,0.05043393963644605,False
ge15,GE-15,ethnicity,Other,BN,0.0964323430638509,0.6453165979537617,0.14943415893784354,0.27719229489175307,0.0,0.42662645382959663,0.10415477553672124,0.09566980507448589,False
ge15,GE-15,ethnicity,Other,PH,0.170565576857562,0.6453165979537617,0.26431301689497744,0.20432071756644352,0.05999229932853392,0.468633734461421,0.062071817281870494,0.08375060942587773,False
ge15,GE-15,ethnicity,Other,PN,0.3742450322980842,0.6453165979537617,0.5799401928987725,0.399001134324295,0.1809390585744775,0.9789413272230676,0.13140193496700137,0.15548341920109715,False
ge15,GE-15,age,18-29,BN,0.1767509660307662,0.7408669152950814,0.23857316662651576,0.04903867777604047,0.1895344888504753,0.2876118444025562,0.017291746766779557,0.018082659127659953,True
ge15,GE-15,age,18-29,PH,0.3030563876967491,0.7408669152950814,0.40905644649558165,0.07381565146885005,0.3352407950267316,0.4828720979644317,0.027343997592919275,0.025897108559666964,False
ge15,GE-15,age,18-29,PN,0.2557987880403279,0.7408669152950814,0.34526955214141974,0.05883857558074702,0.28643097656067273,0.40410812772216675,0.018648289503688204,0.023524935091723105,False
ge15,GE-15,age,30-39,BN,0.2035345876930999,0.6992538770058526,0.2910739495140423,0.05290870766213841,0.2381652418519039,0.3439826571761807,0.018575077518225597,0.019587123651897523,False
ge15,GE-15,age,30-39,PH,0.2614813419096756,0.6992538770058526,0.37394335663795975,0.08072750402256354,0.2932158526153962,0.4546708606605233,0.029750544883006456,0.028483598868028762,False
ge15,GE-15,age,30-39,PN,0.2284250746345924,0.6992538770058526,0.32666972918718695,0.06176336972496422,0.26490635946222274,0.38843309891215116,0.019870692018560045,0.024457246586652038,False
ge15,GE-15,age,40-49,BN,0.2092357349040348,0.7503515295936641,0.2788502810373981,0.04138454641821241,0.23746573461918571,0.32023482745561055,0.020323778817108364,0.005724408142280128,True
ge15,GE-15,age,40-49,PH,0.3407358700235541,0.7503515295936641,0.45410165313859213,0.06663114949738976,0.3874705036412024,0.5207328026359819,0.033062422681597044,0.00791006754458506,False
ge15,GE-15,age,40-49,PN,0.1923501035573885,0.7503515295936641,0.2563466534965969,0.038216839661466474,0.21812981383513044,0.2945634931580634,0.018672058843438758,0.0056161674529793286,True
ge15,GE-15,age,50-59,BN,0.2540666341144261,0.8021136898526117,0.3167464130441544,0.03469127431807456,0.28205513872607985,0.35143768736222897,0.01751625831770173,0.0025411784629308164,True
ge15,GE-15,age,50-59,PH,0.3744505805990093,0.8021136898526117,0.4668298089611394,0.05188823662415946,0.4149415723369799,0.5187180455852989,0.026318604870589676,0.0028604215090240036,False
ge15,GE-15,age,50-59,PN,0.1623199967383022,0.8021136898526117,0.20236532400803242,0.03127188153591451,0.1710934424721179,0.23363720554394693,0.015855585293007304,0.001778698252236507,True
ge15,GE-15,age,60-69,BN,0.3139227945702904,0.8051444038183657,0.38989626342991873,0.04797841182271421,0.3419178516072045,0.43787467525263296,0.024324303049706855,0.0027457288534792133,True
ge15,GE-15,age,60-69,PH,0.3698008286600741,0.8051444038183657,0.4592975209245797,0.05688640703012893,0.4024111138944508,0.5161839279547087,0.028846224986282813,0.0032045489390334038,False
ge15,GE-15,age,60-69,PN,0.1066150538512632,0.8051444038183657,0.13241730718818326,0.021681000442530567,0.11073630674565269,0.15409830763071383,0.010826050308716324,0.0022712582737184164,True
ge15,GE-15,age,70+,BN,0.2677133624343865,0.5798560433380416,0.4616893546426596,0.05601871026828138,0.4056706443743782,0.517708064910941,0.027510968839126695,0.007747173945587713,False
ge15,GE-15,age,70+,PH,0.2477220845992007,0.5798560433380416,0.427213077185754,0.06790408815087572,0.3593089890348783,0.49511716533662975,0.033039851535618905,0.010423064876163369,False
ge15,GE-15,age,70+,PN,0.0440285797818948,0.5798560433380416,0.07593019041146258,0.026984397267882307,0.048945793143580274,0.10291458767934489,0.011527746627411208,0.007527049914245243,True
jhr_se16,SE-16,ethnicity,Malay,BN,0.6371239467920017,0.7512981922007089,0.8480307199006202,0.034049871299953446,0.8139808486006668,0.8820805912005736,0.012292943172264866,0.012275310596967466,True
jhr_se16,SE-16,ethnicity,Malay,PH,0.0355134901706821,0.7512981922007089,0.04726950036530195,0.025156857140753656,0.02211264322454829,0.07242635750605561,0.00321715365448114,0.012425397987081858,True
jhr_se16,SE-16,ethnicity,Malay,PN,0.0679764182355904,0.7512981922007089,0.0904786128081492,0.032132713864906313,0.05834589894324289,0.12261132667305552,0.012097694198137984,0.011064219729819313,True
jhr_se16,SE-16,ethnicity,Chinese,BN,0.0772560919741506,0.6228527564771064,0.1240358835547519,0.06480556946036355,0.05923031409438835,0.18884145301511546,0.013800240484810157,0.03004639456573638,False
jhr_se16,SE-16,ethnicity,Chinese,PH,0.52533630305786,0.6228527564771064,0.8434357841317017,0.06488819353511102,0.7785475905965907,0.9083239776668127,0.01143453671663663,0.031068846963617388,False
jhr_se16,SE-16,ethnicity,Chinese,PN,2.1169019012376292e-05,0.6228527564771064,3.398719647980619e-05,0.023516338125027323,0.0,0.02355032532150713,0.00012098974280404626,0.011997521647711859,True
jhr_se16,SE-16,ethnicity,Indian,BN,0.2613891407388528,0.5384745091763625,0.48542528250532646,0.1815374620633663,0.30388782044196017,0.6669627445686928,0.05399598707281712,0.07525364821345566,False
jhr_se16,SE-16,ethnicity,Indian,PH,0.1712635851665713,0.5384745091763625,0.318053282463699,0.12147905395313956,0.19657422851055945,0.4395323364168386,0.035441938561252447,0.0508456385863968,False
jhr_se16,SE-16,ethnicity,Indian,PN,1.8244620077372668e-05,0.5384745091763625,3.388204969122716e-05,0.07447320932286634,0.0,0.07450709137255757,2.7180591027680787e-05,0.037996525647072676,False
jhr_se16,SE-16,ethnicity,Other,BN,0.4651299136425771,0.6002151149107129,0.7749386879598478,0.11971205334017038,0.6552266346196773,0.8946507413000182,0.04772964870482029,0.03810972576049606,False
jhr_se16,SE-16,ethnicity,Other,PH,0.0575355919039241,0.6002151149107129,0.0958582855956285,0.08008308316414245,0.015775202431486057,0.17594136875977096,0.02895756747554232,0.028825231150890453,False
jhr_se16,SE-16,ethnicity,Other,PN,0.0001227141129016,0.6002151149107129,0.00020445022101760093,0.060176512832411655,0.0,0.06038096305342926,0.014646861756355182,0.02698334333203095,False
jhr_se16,SE-16,age,18-29,BN,0.427917343181206,0.6599982590690874,0.6483613211113219,0.06363387250498324,0.5847274486063387,0.7119951936163051,0.020045501501067847,0.025538911570327436,False
jhr_se16,SE-16,age,18-29,PH,0.1777538624914117,0.6599982590690874,0.26932474449573474,0.06034716762242607,0.20897757687330867,0.3296719121181608,0.0197743883619994,0.02359997766975298,False
jhr_se16,SE-16,age,18-29,PN,0.0345370189726673,0.6599982590690874,0.05232895465721528,0.021001833764079325,0.031327120893135954,0.0733307884212946,0.008405835218324898,0.006645141229962854,True
jhr_se16,SE-16,age,30-39,BN,0.4193999035890139,0.6561017018540101,0.6392300193763787,0.05299420435294041,0.5862358150234382,0.6922242237293191,0.01664736596219575,0.02130518822949906,False
jhr_se16,SE-16,age,30-39,PH,0.1819801223709499,0.6561017018540101,0.2773657221993344,0.05436805517294697,0.22299766702638746,0.3317337773722814,0.016994710782129503,0.021923070813672903,False
jhr_se16,SE-16,age,30-39,PN,0.0373465111798011,0.6561017018540101,0.05692183250594756,0.02097792643069553,0.03594390607525203,0.07789975893664308,0.00914085496650044,0.0055677182553978185,True
jhr_se16,SE-16,age,40-49,BN,0.4083956363127197,0.6834428597879277,0.5975563728026141,0.03736838537457496,0.5601879874280391,0.6349247581771891,0.01869836068592197,0.0037235335998668365,True
jhr_se16,SE-16,age,40-49,PH,0.2070059370495555,0.6834428597879277,0.3028869701174278,0.03869796175527247,0.26418900836215536,0.3415849318727003,0.019468808093309458,0.003284119618185546,True
jhr_se16,SE-16,age,40-49,PN,0.0463018355642684,0.6834428597879277,0.06774792493791779,0.019266296684027344,0.04848162825389044,0.08701422162194514,0.009664801727102244,0.0017931701186407883,True
jhr_se16,SE-16,age,50-59,BN,0.3854589664192895,0.7457479013599004,0.516875697157699,0.03561880531292128,0.4812568918447777,0.5524945024706203,0.018030099591090212,0.0022733992151527066,True
jhr_se16,SE-16,age,50-59,PH,0.2896070390971092,0.7457479013599004,0.3883444238582495,0.039786072535294974,0.34855835132295454,0.4281304963935445,0.020182034646054413,0.0021761324541331273,True
jhr_se16,SE-16,age,50-59,PN,0.0426604531506617,0.7457479013599004,0.057204925515537755,0.02015852416119988,0.03704640135433787,0.07736344967673764,0.010255233902627081,0.0007814132603409583,True
jhr_se16,SE-16,age,60-69,BN,0.4101966933174402,0.7925962187694512,0.5175355163241794,0.037326497957499316,0.48020901836668006,0.5548620142816787,0.01891018848257702,0.002254710706348267,True
jhr_se16,SE-16,age,60-69,PH,0.3203797316920905,0.7925962187694512,0.4042155691702611,0.04205728626529343,0.36215828290496765,0.4462728554355545,0.021326001735459142,0.0023746142500530665,True
jhr_se16,SE-16,age,60-69,PN,0.0328315104706607,0.7925962187694512,0.04142274425890324,0.014854266718146497,0.026568477540756738,0.056277010977049735,0.007552633098810045,0.0006281248169344218,True
jhr_se16,SE-16,age,70+,BN,0.3038426337267044,0.5971015466997839,0.5088625802529919,0.05050650346473088,0.458356076788261,0.5593690837177228,0.02505464202357442,0.006023861476827547,False
jhr_se16,SE-16,age,70+,PH,0.2481950642689087,0.5971015466997839,0.41566642330889564,0.05317846626087876,0.3624879570480169,0.4688448895697744,0.026565245225085986,0.00551598995638968,False
jhr_se16,SE-16,age,70+,PN,0.0178624937430445,0.5971015466997839,0.029915336581811884,0.011109517713300631,0.01880581886851125,0.04102485429511252,0.005365310352894955,0.0018278522062622534,True
