election,group,estimand,miss,n_pure,thr
jhr_se15,Malay,turnout,0.01837811881161111,949,0.9
jhr_se15,Malay,BN,0.02421117740775902,949,0.9
jhr_se15,Malay,PH,0.0031819432620230487,949,0.9
jhr_se15,Malay,PN,0.005468562010609662,949,0.9
jhr_se15,Malay,BN_v,0.0,949,0.9
jhr_se15,Malay,PH_v,0.006612528662448346,949,0.9
jhr_se15,Malay,PN_v,0.019316711672563658,949,0.9
jhr_se15,Chinese,turnout,0.009671322480291289,163,0.9
jhr_se15,Chinese,BN,0.0,163,0.9
jhr_se15,Chinese,PH,0.0,163,0.9
jhr_se15,Chinese,PN,0.0,163,0.9
jhr_se15,Chinese,BN_v,0.0,163,0.9
jhr_se15,Chinese,PH_v,0.0,163,0.9
jhr_se15,Chinese,PN_v,0.0,163,0.9
jhr_se15,18-29,turnout,0.0,594,0.9
jhr_se15,18-29,BN,0.017159355757318584,594,0.9
jhr_se15,18-29,PH,0.0017810486163253314,594,0.9
jhr_se15,18-29,PN,0.0017676544334037092,594,0.9
jhr_se15,18-29,BN_v,0.03127355734490678,594,0.9
jhr_se15,18-29,PH_v,0.0026240363222158614,594,0.9
jhr_se15,18-29,PN_v,0.001699988240896011,594,0.9
jhr_se15,30-39,turnout,0.0,246,0.9
jhr_se15,30-39,BN,0.0,246,0.9
jhr_se15,30-39,PH,0.0,246,0.9
jhr_se15,30-39,PN,0.0,246,0.9
jhr_se15,30-39,BN_v,0.0,246,0.9
jhr_se15,30-39,PH_v,0.0,246,0.9
jhr_se15,30-39,PN_v,0.0,246,0.9
jhr_se15,40-49,turnout,0.002223366661366466,159,0.9
jhr_se15,40-49,BN,0.006146313910710466,159,0.9
jhr_se15,40-49,PH,0.004725781999532996,159,0.9
jhr_se15,40-49,PN,0.0009406250354193485,159,0.9
jhr_se15,40-49,BN_v,0.0,159,0.9
jhr_se15,40-49,PH_v,0.0,159,0.9
jhr_se15,40-49,PN_v,0.0,159,0.9
jhr_se15,50-59,turnout,0.005230733475477201,116,0.9
jhr_se15,50-59,BN,0.00924849958595983,116,0.9
jhr_se15,50-59,PH,0.004723657771014356,116,0.9
jhr_se15,50-59,PN,0.002552592798815201,116,0.9
jhr_se15,50-59,BN_v,0.0,116,0.9
jhr_se15,50-59,PH_v,0.0,116,0.9
jhr_se15,50-59,PN_v,0.0,116,0.9
jhr_se15,60-69,turnout,0.005916977191730566,97,0.9
jhr_se15,60-69,BN,0.012315476100964312,97,0.9
jhr_se15,60-69,PH,0.0002982129232392272,97,0.9
jhr_se15,60-69,PN,0.0012707050774485584,97,0.9
jhr_se15,60-69,BN_v,0.001756927952539511,97,0.9
jhr_se15,60-69,PH_v,0.004347140069798305,97,0.9
jhr_se15,60-69,PN_v,0.0,97,0.9
jhr_se15,70+,turnout,0.021498141464521836,56,0.9
jhr_se15,70+,BN,0.03486099694224601,56,0.9
jhr_se15,70+,PH,0.0,56,0.9
jhr_se15,70+,PN,0.0021917172454345712,56,0.9
jhr_se15,70+,BN_v,0.030806061056827816,56,0.9
jhr_se15,70+,PH_v,0.0,56,0.9
jhr_se15,70+,PN_v,0.0,56,0.9
ge15,Malay,turnout,0.008272731137054068,953,0.9
ge15,Malay,BN,0.031708649668699795,953,0.9
ge15,Malay,PH,0.0041140488939788444,953,0.9
ge15,Malay,PN,0.018827061932143563,953,0.9
ge15,Malay,BN_v,0.014283925080050774,953,0.9
ge15,Malay,PH_v,0.006327330176432042,953,0.9
ge15,Malay,PN_v,0.028967046815520925,953,0.9
ge15,Chinese,turnout,0.0,162,0.9
ge15,Chinese,BN,0.0,162,0.9
ge15,Chinese,PH,0.0,162,0.9
ge15,Chinese,PN,0.0,162,0.9
ge15,Chinese,BN_v,0.0,162,0.9
ge15,Chinese,PH_v,0.0,162,0.9
ge15,Chinese,PN_v,0.0,162,0.9
ge15,18-29,turnout,0.016137920580955978,636,0.9
ge15,18-29,BN,0.028211030477167304,636,0.9
ge15,18-29,PH,0.031237362332424135,636,0.9
ge15,18-29,PN,0.007856838085273127,636,0.9
ge15,18-29,BN_v,0.04393232347370618,636,0.9
ge15,18-29,PH_v,0.030312808495888965,636,0.9
ge15,18-29,PN_v,0.0012237894713773012,636,0.9
ge15,30-39,turnout,0.0,238,0.9
ge15,30-39,BN,0.0,238,0.9
ge15,30-39,PH,0.0,238,0.9
ge15,30-39,PN,0.0,238,0.9
ge15,30-39,BN_v,0.0,238,0.9
ge15,30-39,PH_v,0.0,238,0.9
ge15,30-39,PN_v,0.0,238,0.9
ge15,40-49,turnout,0.007594273769784166,166,0.9
ge15,40-49,BN,0.006586234414435954,166,0.9
ge15,40-49,PH,0.013330073847718282,166,0.9
ge15,40-49,PN,0.0,166,0.9
ge15,40-49,BN_v,0.011409240480076327,166,0.9
ge15,40-49,PH_v,0.0,166,0.9
ge15,40-49,PN_v,0.0,166,0.9
ge15,50-59,turnout,0.0,118,0.9
ge15,50-59,BN,0.015085427611075675,118,0.9
ge15,50-59,PH,0.0016856323980142252,118,0.9
ge15,50-59,PN,0.0,118,0.9
ge15,50-59,BN_v,0.01640571337884672,118,0.9
ge15,50-59,PH_v,0.0,118,0.9
ge15,50-59,PN_v,0.0,118,0.9
ge15,60-69,turnout,0.0,109,0.9
ge15,60-69,BN,0.008150960844061583,109,0.9
ge15,60-69,PH,0.0,109,0.9
ge15,60-69,PN,0.0,109,0.9
ge15,60-69,BN_v,0.0061214603384711075,109,0.9
ge15,60-69,PH_v,0.0,109,0.9
ge15,60-69,PN_v,0.0,109,0.9
ge15,70+,turnout,0.025516505834362158,48,0.9
ge15,70+,BN,0.022579869821307955,48,0.9
ge15,70+,PH,0.00342263426320516,48,0.9
ge15,70+,PN,0.0,48,0.9
ge15,70+,BN_v,0.005156775183370127,48,0.9
ge15,70+,PH_v,0.0,48,0.9
ge15,70+,PN_v,0.0,48,0.9
jhr_se16,Malay,turnout,0.013821798253989326,1013,0.9
jhr_se16,Malay,BN,0.0,1013,0.9
jhr_se16,Malay,PH,0.0,1013,0.9
jhr_se16,Malay,PN,0.0,1013,0.9
jhr_se16,Malay,BN_v,0.0,1013,0.9
jhr_se16,Malay,PH_v,0.0,1013,0.9
jhr_se16,Malay,PN_v,0.0,1013,0.9
jhr_se16,Chinese,turnout,0.0,154,0.9
jhr_se16,Chinese,BN,0.0,154,0.9
jhr_se16,Chinese,PH,0.0,154,0.9
jhr_se16,Chinese,PN,0.0,154,0.9
jhr_se16,Chinese,BN_v,0.0,154,0.9
jhr_se16,Chinese,PH_v,0.0,154,0.9
jhr_se16,Chinese,PN_v,0.0,154,0.9
jhr_se16,18-29,turnout,0.006951496951171587,573,0.9
jhr_se16,18-29,BN,0.00027310876438657594,573,0.9
jhr_se16,18-29,PH,0.0,573,0.9
jhr_se16,18-29,PN,0.013076531854191782,573,0.9
jhr_se16,18-29,BN_v,0.0,573,0.9
jhr_se16,18-29,PH_v,0.0,573,0.9
jhr_se16,18-29,PN_v,0.01886845890791869,573,0.9
jhr_se16,30-39,turnout,0.0,281,0.9
jhr_se16,30-39,BN,0.0009062798793867954,281,0.9
jhr_se16,30-39,PH,0.0,281,0.9
jhr_se16,30-39,PN,0.004483724080707612,281,0.9
jhr_se16,30-39,BN_v,0.0,281,0.9
jhr_se16,30-39,PH_v,0.0,281,0.9
jhr_se16,30-39,PN_v,0.006637385371565906,281,0.9
jhr_se16,40-49,turnout,0.006759821751632367,191,0.9
jhr_se16,40-49,BN,0.0,191,0.9
jhr_se16,40-49,PH,0.0,191,0.9
jhr_se16,40-49,PN,0.014358752176989849,191,0.9
jhr_se16,40-49,BN_v,0.0,191,0.9
jhr_se16,40-49,PH_v,0.0,191,0.9
jhr_se16,40-49,PN_v,0.021852171791444504,191,0.9
jhr_se16,50-59,turnout,0.0,110,0.9
jhr_se16,50-59,BN,0.009692939137731504,110,0.9
jhr_se16,50-59,PH,0.0,110,0.9
jhr_se16,50-59,PN,0.0,110,0.9
jhr_se16,50-59,BN_v,0.010521244647281436,110,0.9
jhr_se16,50-59,PH_v,0.0,110,0.9
jhr_se16,50-59,PN_v,0.0,110,0.9
jhr_se16,60-69,turnout,0.0,102,0.9
jhr_se16,60-69,BN,0.008258035795835339,102,0.9
jhr_se16,60-69,PH,0.0,102,0.9
jhr_se16,60-69,PN,0.005742726220314291,102,0.9
jhr_se16,60-69,BN_v,0.0,102,0.9
jhr_se16,60-69,PH_v,0.0,102,0.9
jhr_se16,60-69,PN_v,0.006622855974189799,102,0.9
jhr_se16,70+,turnout,0.0,81,0.9
jhr_se16,70+,BN,0.01751291838334204,81,0.9
jhr_se16,70+,PH,0.0,81,0.9
jhr_se16,70+,PN,0.0008399344743377614,81,0.9
jhr_se16,70+,BN_v,0.008352189202907423,81,0.9
jhr_se16,70+,PH_v,0.0,81,0.9
jhr_se16,70+,PN_v,0.0006040534407763202,81,0.9
jhr_se15,Malay,turnout,0.03630601654600629,656,0.95
jhr_se15,Malay,BN,0.05392598577393565,656,0.95
jhr_se15,Malay,PH,0.007236771008556429,656,0.95
jhr_se15,Malay,PN,0.008178415069852396,656,0.95
jhr_se15,Malay,BN_v,0.034935712818712994,656,0.95
jhr_se15,Malay,PH_v,0.013946310042405659,656,0.95
jhr_se15,Malay,PN_v,0.03275781181990389,656,0.95
jhr_se15,Chinese,turnout,0.03298505819888636,76,0.95
jhr_se15,Chinese,BN,0.0,76,0.95
jhr_se15,Chinese,PH,0.0,76,0.95
jhr_se15,Chinese,PN,0.0,76,0.95
jhr_se15,Chinese,BN_v,0.0,76,0.95
jhr_se15,Chinese,PH_v,0.0,76,0.95
jhr_se15,Chinese,PN_v,0.0,76,0.95
jhr_se15,18-29,turnout,0.0,562,0.95
jhr_se15,18-29,BN,0.016912200263004468,562,0.95
jhr_se15,18-29,PH,0.004027825451336467,562,0.95
jhr_se15,18-29,PN,0.001627295309400839,562,0.95
jhr_se15,18-29,BN_v,0.03313466204099602,562,0.95
jhr_se15,18-29,PH_v,0.007512676910188781,562,0.95
jhr_se15,18-29,PN_v,0.002944110291454194,562,0.95
jhr_se15,30-39,turnout,0.0024147135119504393,198,0.95
jhr_se15,30-39,BN,0.0,198,0.95
jhr_se15,30-39,PH,0.0011782148997213082,198,0.95
jhr_se15,30-39,PN,0.0,198,0.95
jhr_se15,30-39,BN_v,0.0,198,0.95
jhr_se15,30-39,PH_v,0.0,198,0.95
jhr_se15,30-39,PN_v,0.0,198,0.95
jhr_se15,40-49,turnout,0.011409187833415935,134,0.95
jhr_se15,40-49,BN,0.010625501426483663,134,0.95
jhr_se15,40-49,PH,0.01015793022929462,134,0.95
jhr_se15,40-49,PN,0.0022912169636208485,134,0.95
jhr_se15,40-49,BN_v,0.009197392639721413,134,0.95
jhr_se15,40-49,PH_v,0.009269195269516695,134,0.95
jhr_se15,40-49,PN_v,0.0,134,0.95
jhr_se15,50-59,turnout,0.014763456169871847,78,0.95
jhr_se15,50-59,BN,0.011178658627242155,78,0.95
jhr_se15,50-59,PH,0.017203755018447064,78,0.95
jhr_se15,50-59,PN,0.0015917897378598667,78,0.95
jhr_se15,50-59,BN_v,0.006615977970879927,78,0.95
jhr_se15,50-59,PH_v,0.01404130133144632,78,0.95
jhr_se15,50-59,PN_v,0.0,78,0.95
jhr_se15,60-69,turnout,0.021320229711537464,71,0.95
jhr_se15,60-69,BN,0.02087950084457396,71,0.95
jhr_se15,60-69,PH,0.013604192791405179,71,0.95
jhr_se15,60-69,PN,0.006750718153470878,71,0.95
jhr_se15,60-69,BN_v,0.018078910525531955,71,0.95
jhr_se15,60-69,PH_v,0.03638051034481421,71,0.95
jhr_se15,60-69,PN_v,0.005680564847328914,71,0.95
jhr_se15,70+,turnout,0.031935334144842176,23,0.95
jhr_se15,70+,BN,0.030760483956164264,23,0.95
jhr_se15,70+,PH,0.0,23,0.95
jhr_se15,70+,PN,0.0014062759820045977,23,0.95
jhr_se15,70+,BN_v,0.04089435208890091,23,0.95
jhr_se15,70+,PH_v,0.03472351093110293,23,0.95
jhr_se15,70+,PN_v,0.0,23,0.95
ge15,Malay,turnout,0.01568219900691048,655,0.95
ge15,Malay,BN,0.06013951008942725,655,0.95
ge15,Malay,PH,0.019482181611694564,655,0.95
ge15,Malay,PN,0.02400745714547642,655,0.95
ge15,Malay,BN_v,0.055040701441305795,655,0.95
ge15,Malay,PH_v,0.02662153513941304,655,0.95
ge15,Malay,PN_v,0.039314907418182554,655,0.95
ge15,Chinese,turnout,0.013196320591460808,75,0.95
ge15,Chinese,BN,0.0,75,0.95
ge15,Chinese,PH,0.0,75,0.95
ge15,Chinese,PN,0.0,75,0.95
ge15,Chinese,BN_v,0.0,75,0.95
ge15,Chinese,PH_v,0.0,75,0.95
ge15,Chinese,PN_v,0.0,75,0.95
ge15,18-29,turnout,0.015041268801253671,604,0.95
ge15,18-29,BN,0.030738139088110267,604,0.95
ge15,18-29,PH,0.029268704950829727,604,0.95
ge15,18-29,PN,0.014478393610405926,604,0.95
ge15,18-29,BN_v,0.04689514843351619,604,0.95
ge15,18-29,PH_v,0.030124492248722046,604,0.95
ge15,18-29,PN_v,0.012374360993426425,604,0.95
ge15,30-39,turnout,0.001727569046470867,192,0.95
ge15,30-39,BN,0.0010571276519667216,192,0.95
ge15,30-39,PH,0.0,192,0.95
ge15,30-39,PN,0.0,192,0.95
ge15,30-39,BN_v,0.0,192,0.95
ge15,30-39,PH_v,0.0,192,0.95
ge15,30-39,PN_v,4.138031294287359e-06,192,0.95
ge15,40-49,turnout,0.013504990087881086,135,0.95
ge15,40-49,BN,0.0066563099384262525,135,0.95
ge15,40-49,PH,0.017456798786183003,135,0.95
ge15,40-49,PN,0.0009086005391848173,135,0.95
ge15,40-49,BN_v,0.013285809884379468,135,0.95
ge15,40-49,PH_v,0.010431125123970597,135,0.95
ge15,40-49,PN_v,0.0,135,0.95
ge15,50-59,turnout,0.0,89,0.95
ge15,50-59,BN,0.019850970891004904,89,0.95
ge15,50-59,PH,0.011198694975897983,89,0.95
ge15,50-59,PN,0.0,89,0.95
ge15,50-59,BN_v,0.024759312355072033,89,0.95
ge15,50-59,PH_v,0.0073294623060903286,89,0.95
ge15,50-59,PN_v,0.0,89,0.95
ge15,60-69,turnout,0.008377015916525732,83,0.95
ge15,60-69,BN,0.01292899884098872,83,0.95
ge15,60-69,PH,0.004940281663026125,83,0.95
ge15,60-69,PN,0.005067251884954882,83,0.95
ge15,60-69,BN_v,0.011133564323750622,83,0.95
ge15,60-69,PH_v,0.01239942297505392,83,0.95
ge15,60-69,PN_v,0.0046820612524594435,83,0.95
ge15,70+,turnout,0.011516344690221225,19,0.95
ge15,70+,BN,0.020934562763508358,19,0.95
ge15,70+,PH,0.0,19,0.95
ge15,70+,PN,0.0011809948057956605,19,0.95
ge15,70+,BN_v,0.025274812810714004,19,0.95
ge15,70+,PH_v,0.003933404210431757,19,0.95
ge15,70+,PN_v,0.00027385500184974945,19,0.95
jhr_se16,Malay,turnout,0.024635763801858945,688,0.95
jhr_se16,Malay,BN,0.008527520596776417,688,0.95
jhr_se16,Malay,PH,0.003876371481670013,688,0.95
jhr_se16,Malay,PN,0.005714548188897203,688,0.95
jhr_se16,Malay,BN_v,0.0,688,0.95
jhr_se16,Malay,PH_v,0.006791906734844033,688,0.95
jhr_se16,Malay,PN_v,0.002452010614041142,688,0.95
jhr_se16,Chinese,turnout,0.019883923179697893,65,0.95
jhr_se16,Chinese,BN,0.0,65,0.95
jhr_se16,Chinese,PH,0.0,65,0.95
jhr_se16,Chinese,PN,0.0,65,0.95
jhr_se16,Chinese,BN_v,0.0,65,0.95
jhr_se16,Chinese,PH_v,0.0,65,0.95
jhr_se16,Chinese,PN_v,0.0,65,0.95
jhr_se16,18-29,turnout,0.007949441019240111,536,0.95
jhr_se16,18-29,BN,0.007726436207441678,536,0.95
jhr_se16,18-29,PH,0.0019533182360163825,536,0.95
jhr_se16,18-29,PN,0.00964744989613844,536,0.95
jhr_se16,18-29,BN_v,0.002293486787239396,536,0.95
jhr_se16,18-29,PH_v,0.006492182047523942,536,0.95
jhr_se16,18-29,PN_v,0.01397813899209268,536,0.95
jhr_se16,30-39,turnout,0.0,231,0.95
jhr_se16,30-39,BN,0.0022008747752472746,231,0.95
jhr_se16,30-39,PH,0.0026625676695880285,231,0.95
jhr_se16,30-39,PN,0.005754175063895667,231,0.95
jhr_se16,30-39,BN_v,0.0014586606857202034,231,0.95
jhr_se16,30-39,PH_v,0.0029414078941450428,231,0.95
jhr_se16,30-39,PN_v,0.008791489235423514,231,0.95
jhr_se16,40-49,turnout,0.008373775003832407,144,0.95
jhr_se16,40-49,BN,0.0,144,0.95
jhr_se16,40-49,PH,0.010863984880274735,144,0.95
jhr_se16,40-49,PN,0.011142519705959808,144,0.95
jhr_se16,40-49,BN_v,0.0,144,0.95
jhr_se16,40-49,PH_v,0.009389677508835736,144,0.95
jhr_se16,40-49,PN_v,0.017133118185163027,144,0.95
jhr_se16,50-59,turnout,0.00031176771255714275,89,0.95
jhr_se16,50-59,BN,0.01408739207448545,89,0.95
jhr_se16,50-59,PH,0.0065209765355950244,89,0.95
jhr_se16,50-59,PN,0.0014748634591903315,89,0.95
jhr_se16,50-59,BN_v,0.019496320739337547,89,0.95
jhr_se16,50-59,PH_v,0.005402399672458924,89,0.95
jhr_se16,50-59,PN_v,0.002038998405043381,89,0.95
jhr_se16,60-69,turnout,0.011445663890545243,74,0.95
jhr_se16,60-69,BN,0.022052817715583872,74,0.95
jhr_se16,60-69,PH,0.003562059553864072,74,0.95
jhr_se16,60-69,PN,0.009092929071244168,74,0.95
jhr_se16,60-69,BN_v,0.01970612844432651,74,0.95
jhr_se16,60-69,PH_v,0.012514323567156649,74,0.95
jhr_se16,60-69,PN_v,0.01120047388646575,74,0.95
jhr_se16,70+,turnout,0.0341815073673335,29,0.95
jhr_se16,70+,BN,0.021661953778511142,29,0.95
jhr_se16,70+,PH,0.052912600063622306,29,0.95
jhr_se16,70+,PN,0.0031113196952467443,29,0.95
jhr_se16,70+,BN_v,0.051948808428621734,29,0.95
jhr_se16,70+,PH_v,0.02888368895700022,29,0.95
jhr_se16,70+,PN_v,0.005915319427672881,29,0.95
jhr_se15,Malay,turnout,0.049293074386315694,390,0.98
jhr_se15,Malay,BN,0.07291274736817199,390,0.98
jhr_se15,Malay,PH,0.00918329288971018,390,0.98
jhr_se15,Malay,PN,0.008953316717463772,390,0.98
jhr_se15,Malay,BN_v,0.05956511770631823,390,0.98
jhr_se15,Malay,PH_v,0.01721706578238717,390,0.98
jhr_se15,Malay,PN_v,0.03971006675634309,390,0.98
jhr_se15,Chinese,turnout,0.06419926341954241,16,0.98
jhr_se15,Chinese,BN,0.003874451045096136,16,0.98
jhr_se15,Chinese,PH,0.00426038175209581,16,0.98
jhr_se15,Chinese,PN,0.0,16,0.98
jhr_se15,Chinese,BN_v,0.028389939681722487,16,0.98
jhr_se15,Chinese,PH_v,0.08972727820475879,16,0.98
jhr_se15,Chinese,PN_v,0.0,16,0.98
jhr_se15,18-29,turnout,0.0010674451788611483,542,0.98
jhr_se15,18-29,BN,0.01900317254029263,542,0.98
jhr_se15,18-29,PH,0.004912348144060552,542,0.98
jhr_se15,18-29,PN,0.001746799898277862,542,0.98
jhr_se15,18-29,BN_v,0.0366872623421477,542,0.98
jhr_se15,18-29,PH_v,0.010275192573519887,542,0.98
jhr_se15,18-29,PN_v,0.0027706348445779017,542,0.98
jhr_se15,30-39,turnout,0.003665660608061172,172,0.98
jhr_se15,30-39,BN,0.0010799096503472105,172,0.98
jhr_se15,30-39,PH,1.4313298611207115e-05,172,0.98
jhr_se15,30-39,PN,0.0,172,0.98
jhr_se15,30-39,BN_v,0.0,172,0.98
jhr_se15,30-39,PH_v,0.0019449526701358633,172,0.98
jhr_se15,30-39,PN_v,0.001559372675056403,172,0.98
jhr_se15,40-49,turnout,0.01134125668829733,117,0.98
jhr_se15,40-49,BN,0.00806475439019147,117,0.98
jhr_se15,40-49,PH,0.012815515354600016,117,0.98
jhr_se15,40-49,PN,0.002941724292146994,117,0.98
jhr_se15,40-49,BN_v,0.007278419985988882,117,0.98
jhr_se15,40-49,PH_v,0.01762485082597015,117,0.98
jhr_se15,40-49,PN_v,0.000122750831543339,117,0.98
jhr_se15,50-59,turnout,0.01665266163738599,63,0.98
jhr_se15,50-59,BN,0.011069088592984583,63,0.98
jhr_se15,50-59,PH,0.02208776507960436,63,0.98
jhr_se15,50-59,PN,0.0004579723789735757,63,0.98
jhr_se15,50-59,BN_v,0.008888753214424894,63,0.98
jhr_se15,50-59,PH_v,0.025621958397601896,63,0.98
jhr_se15,50-59,PN_v,0.005334261299531101,63,0.98
jhr_se15,60-69,turnout,0.02561188843064932,60,0.98
jhr_se15,60-69,BN,0.020581557577168258,60,0.98
jhr_se15,60-69,PH,0.02106244867006496,60,0.98
jhr_se15,60-69,PN,0.009205301290042364,60,0.98
jhr_se15,60-69,BN_v,0.017788763023650733,60,0.98
jhr_se15,60-69,PH_v,0.051325813458298175,60,0.98
jhr_se15,60-69,PN_v,0.009728234266353539,60,0.98
jhr_se15,70+,turnout,0.006167942817297267,10,0.98
jhr_se15,70+,BN,0.0273265267688729,10,0.98
jhr_se15,70+,PH,0.05436544775904542,10,0.98
jhr_se15,70+,PN,0.0034827241170306764,10,0.98
jhr_se15,70+,BN_v,0.07230093045725086,10,0.98
jhr_se15,70+,PH_v,0.11774669135306237,10,0.98
jhr_se15,70+,PN_v,0.009461144910493595,10,0.98
ge15,Malay,turnout,0.0229173052249243,388,0.98
ge15,Malay,BN,0.08189790284980514,388,0.98
ge15,Malay,PH,0.026341541443127857,388,0.98
ge15,Malay,PN,0.03054686286993119,388,0.98
ge15,Malay,BN_v,0.08332657034012819,388,0.98
ge15,Malay,PH_v,0.03569294545190417,388,0.98
ge15,Malay,PN_v,0.05111995837403793,388,0.98
ge15,Chinese,turnout,0.03473843721706904,17,0.98
ge15,Chinese,BN,0.0,17,0.98
ge15,Chinese,PH,0.032297635182421125,17,0.98
ge15,Chinese,PN,0.0035813414454162664,17,0.98
ge15,Chinese,BN_v,0.0,17,0.98
ge15,Chinese,PH_v,0.0,17,0.98
ge15,Chinese,PN_v,0.006055323769699996,17,0.98
ge15,18-29,turnout,0.017559709351072428,576,0.98
ge15,18-29,BN,0.027756673475301807,576,0.98
ge15,18-29,PH,0.03007896267734561,576,0.98
ge15,18-29,PN,0.014802013908752049,576,0.98
ge15,18-29,BN_v,0.04355878082173545,576,0.98
ge15,18-29,PH_v,0.030523914224456883,576,0.98
ge15,18-29,PN_v,0.012409430692052859,576,0.98
ge15,30-39,turnout,0.003366508180275729,167,0.98
ge15,30-39,BN,0.0007082905887345614,167,0.98
ge15,30-39,PH,0.002264898331013232,167,0.98
ge15,30-39,PN,0.0,167,0.98
ge15,30-39,BN_v,0.0,167,0.98
ge15,30-39,PH_v,0.0007519353515879623,167,0.98
ge15,30-39,PN_v,0.0005979802718970584,167,0.98
ge15,40-49,turnout,0.014586881009252761,119,0.98
ge15,40-49,BN,0.005511203919065399,119,0.98
ge15,40-49,PH,0.019430564485015067,119,0.98
ge15,40-49,PN,0.0025722956082464554,119,0.98
ge15,40-49,BN_v,0.012056954758650401,119,0.98
ge15,40-49,PH_v,0.01500886345787189,119,0.98
ge15,40-49,PN_v,0.0,119,0.98
ge15,50-59,turnout,0.0,67,0.98
ge15,50-59,BN,0.024485330125248367,67,0.98
ge15,50-59,PH,0.014697969555208412,67,0.98
ge15,50-59,PN,0.009005532246977005,67,0.98
ge15,50-59,BN_v,0.030909198437684582,67,0.98
ge15,50-59,PH_v,0.01772792901177367,67,0.98
ge15,50-59,PN_v,0.011214676677112095,67,0.98
ge15,60-69,turnout,0.013247386678692963,74,0.98
ge15,60-69,BN,0.0153705173136994,74,0.98
ge15,60-69,PH,0.006787009005171263,74,0.98
ge15,60-69,PN,0.0059805614948488794,74,0.98
ge15,60-69,BN_v,0.013851363486281854,74,0.98
ge15,60-69,PH_v,0.018295448409954007,74,0.98
ge15,60-69,PN_v,0.005719377776066792,74,0.98
jhr_se16,Malay,turnout,0.03190191398185871,402,0.98
jhr_se16,Malay,BN,0.020389240084666027,402,0.98
jhr_se16,Malay,PH,0.009765545602735133,402,0.98
jhr_se16,Malay,PN,0.015784572601751617,402,0.98
jhr_se16,Malay,BN_v,0.0,402,0.98
jhr_se16,Malay,PH_v,0.014766017451326538,402,0.98
jhr_se16,Malay,PN_v,0.015516755950195651,402,0.98
jhr_se16,Chinese,turnout,0.004825110530579324,14,0.98
jhr_se16,Chinese,BN,0.0036987990003107957,14,0.98
jhr_se16,Chinese,PH,0.0,14,0.98
jhr_se16,Chinese,PN,0.0,14,0.98
jhr_se16,Chinese,BN_v,0.00722978243305869,14,0.98
jhr_se16,Chinese,PH_v,0.0,14,0.98
jhr_se16,Chinese,PN_v,0.0,14,0.98
jhr_se16,18-29,turnout,0.00876435659075514,511,0.98
jhr_se16,18-29,BN,0.00833612249200777,511,0.98
jhr_se16,18-29,PH,0.0019854945213422237,511,0.98
jhr_se16,18-29,PN,0.008352396151718223,511,0.98
jhr_se16,18-29,BN_v,0.004040547714234233,511,0.98
jhr_se16,18-29,PH_v,0.006981854175265201,511,0.98
jhr_se16,18-29,PN_v,0.012096791254541758,511,0.98
jhr_se16,30-39,turnout,0.0012088443838937923,206,0.98
jhr_se16,30-39,BN,0.0021959348396285994,206,0.98
jhr_se16,30-39,PH,0.004671057824852665,206,0.98
jhr_se16,30-39,PN,0.006917138306839928,206,0.98
jhr_se16,30-39,BN_v,0.0012112986705208328,206,0.98
jhr_se16,30-39,PH_v,0.00783367220696457,206,0.98
jhr_se16,30-39,PN_v,0.0105706765758568,206,0.98
jhr_se16,40-49,turnout,0.008842975576520806,123,0.98
jhr_se16,40-49,BN,0.0032783369330310896,123,0.98
jhr_se16,40-49,PH,0.012734401300507792,123,0.98
jhr_se16,40-49,PN,0.009061351060929757,123,0.98
jhr_se16,40-49,BN_v,0.0016404360260010575,123,0.98
jhr_se16,40-49,PH_v,0.01422367731905122,123,0.98
jhr_se16,40-49,PN_v,0.014081093787478509,123,0.98
jhr_se16,50-59,turnout,0.004020858110710734,77,0.98
jhr_se16,50-59,BN,0.016958348832876002,77,0.98
jhr_se16,50-59,PH,0.011964407406433064,77,0.98
jhr_se16,50-59,PN,0.0023758779806419238,77,0.98
jhr_se16,50-59,BN_v,0.02556717153509469,77,0.98
jhr_se16,50-59,PH_v,0.01320361456046909,77,0.98
jhr_se16,50-59,PN_v,0.0034716492850321995,77,0.98
jhr_se16,60-69,turnout,0.018508126517967405,64,0.98
jhr_se16,60-69,BN,0.02668346098157648,64,0.98
jhr_se16,60-69,PH,0.005374896224521697,64,0.98
jhr_se16,60-69,PN,0.008845305031858165,64,0.98
jhr_se16,60-69,BN_v,0.024986720706882015,64,0.98
jhr_se16,60-69,PH_v,0.02015925872422608,64,0.98
jhr_se16,60-69,PN_v,0.010866600657656642,64,0.98
jhr_se16,70+,turnout,0.08445468298873637,16,0.98
jhr_se16,70+,BN,0.02529834677585402,16,0.98
jhr_se16,70+,PH,0.09967210461217446,16,0.98
jhr_se16,70+,PN,0.0029890306184913147,16,0.98
jhr_se16,70+,BN_v,0.07429003544754184,16,0.98
jhr_se16,70+,PH_v,0.06158139277201291,16,0.98
jhr_se16,70+,PN_v,0.00609960222195539,16,0.98
