election,label,dim,group,estimand,registered,reconciled,error,lo,hi,se_sampling,rmse_ident,total_se,bound_lo,bound_hi,bound_width,model_min,model_max,model_range,capped,m2_raw,cite
jhr_se15,SE-15 (Mar 2022),ethnicity,Malay,turnout,1367553,0.62741050658994,0.06302795587489045,0.5643825507150496,0.6904384624648304,0.0070054275148555,0.031384779339258505,0.03215712034433186,0.3769930671791148,0.7924979872809317,0.4155049201018169,0.509968986722235,0.6375075098196048,0.1275385230973698,0.6375070399023174,0.6375070399023174,False
jhr_se15,SE-15 (Mar 2022),ethnicity,Chinese,turnout,955008,0.4453909423900344,0.054097980031104005,0.3912929623589304,0.4994889224211384,0.0088371254370264,0.026148058803133013,0.027601010219951025,0.1813293710628602,0.7652700291515883,0.5839406580887281,0.4384637218804311,0.5639103874292476,0.1254466655488165,0.4384637218804311,0.4384637218804311,False
jhr_se15,SE-15 (Mar 2022),ethnicity,Indian,turnout,185594,0.3401856528783376,0.18312347593305045,0.15706217694528712,0.523309128811388,0.0477562685262166,0.08030297726623047,0.09343034486380125,0.0102212356002888,0.9939222173130596,0.9837009817127709,0.3096730839143883,0.5500493247237772,0.2403762408093889,0.3096765358543674,0.3096765358543674,False
jhr_se15,SE-15 (Mar 2022),ethnicity,Other,turnout,66680,0.3755631420378559,0.21774692011403865,0.15781622192381725,0.5933100621518945,0.0682911843284029,0.08762702095759668,0.11109536740512176,0.0231103779244151,0.9911817636472704,0.9680713857228553,0.2497628234399569,0.5138670740497062,0.2641042506097493,0.3614272753831826,0.3614272753831826,False
jhr_se15,SE-15 (Mar 2022),ethnicity,Malay,BN,1367553,0.3593590325895575,0.05853772209420304,0.30082131049535443,0.4121873155921562,0.0112647788163144,0.027660328075769885,0.02986618474194033,0.1597502985259072,0.4121873155921562,0.252437017066249,0.1741594827818445,0.3616552257241664,0.1874957429423219,0.3616535706264374,0.3616535706264374,False
jhr_se15,SE-15 (Mar 2022),ethnicity,Chinese,BN,955008,0.0559301308803097,0.04464545827287293,0.01128467260743677,0.10057558915318263,0.0078439624484227,0.021385111126869475,0.02277829503718007,0.0051088577268462,0.3163020623911003,0.3111932046642541,0.0543093121617653,0.170635366496325,0.1163260543345597,0.0543096151745361,0.0543096151745361,True
jhr_se15,SE-15 (Mar 2022),ethnicity,Indian,BN,185594,0.1114586675793346,0.15915273886853712,0.0015248337769539,0.27061140644787174,0.0353793824151086,0.07308762221199665,0.08120037697374342,0.0015248337769539,0.8278662025712038,0.8263413687942499,0.1128122410539316,0.3452408685868056,0.23242862753287397,0.1128198967590979,0.1128198967590979,False
jhr_se15,SE-15 (Mar 2022),ethnicity,Other,BN,66680,0.1534897198948967,0.18060489144682135,0.011487702459508,0.33409461134171803,0.0572067614924243,0.07223678064748934,0.09214535277899048,0.011487702459508,0.9561937612477504,0.9447060587882423,0.1268298020486778,0.4207157180474885,0.29388591599881064,0.1549484522640308,0.1549484522640308,False
jhr_se15,SE-15 (Mar 2022),ethnicity,Malay,PH,1367553,0.0247290748664971,0.013329005616524172,0.011400069249972928,0.03805808048302127,0.003316062334913,0.005937230718232398,0.00680051306965519,0.0027260369433579,0.2006386589770195,0.19791262203366158,0.0189576674667916,0.0268353658238402,0.007877698357048601,0.022863856924504,0.022863856924504,True
jhr_se15,SE-15 (Mar 2022),ethnicity,Chinese,PH,955008,0.3170208911637606,0.04840915708408244,0.26861173407967814,0.3653613372872269,0.0230387210276216,0.008901442716235419,0.02469854953269512,0.0577366891167403,0.3653613372872269,0.3076246481704866,0.3119962000676064,0.3265151628730059,0.014518962805399493,0.3204353209931506,0.3204353209931506,True
jhr_se15,SE-15 (Mar 2022),ethnicity,Indian,PH,185594,0.1207380741055182,0.08489321739948065,0.035844856706037556,0.20563129150499887,0.0373897873278316,0.02186339787083421,0.04331286602014319,8.620968350269944e-05,0.7210308522904836,0.7209446426069809,0.1100755629119548,0.1303863959852622,0.02031083307330739,0.1176005189017669,0.1176005189017669,False
jhr_se15,SE-15 (Mar 2022),ethnicity,Other,PH,66680,0.0286132292297092,0.03526310335447857,0.0011397720455908,0.06387633258418776,0.0151248796095954,0.00974308701397904,0.017991379262489067,0.0011397720455908,0.6843581283743251,0.6832183563287343,0.0053975149039778,0.027730543810466,0.022333028906488202,0.027730543810466,0.027730543810466,True
jhr_se15,SE-15 (Mar 2022),ethnicity,Malay,PN,1367553,0.2177274546406811,0.04397840873922905,0.17374904590145207,0.2349152098675517,0.0068954779931411,0.021352156698250278,0.022437963642463803,0.073990551006067,0.2349152098675517,0.16092465886148472,0.170556926863595,0.2175553793003295,0.046998452436734506,0.2175505353813146,0.2175505353813146,True
jhr_se15,SE-15 (Mar 2022),ethnicity,Chinese,PN,955008,0.0105650372464381,0.03353881786947125,9.42400482509047e-05,0.04410385511590935,0.0020352989987824,0.016990168982535175,0.017111641770138394,9.42400482509047e-05,0.1933763905642675,0.1932821505160166,0.0104282033978915,0.0431438412437251,0.032715637845833596,0.0104287306510364,0.0104287306510364,True
jhr_se15,SE-15 (Mar 2022),ethnicity,Indian,PN,185594,0.0217984614340101,0.09695400796111317,2.155242087567486e-05,0.11875246939512327,0.0124087098972314,0.04788467167020593,0.04946633059240468,2.155242087567486e-05,0.5851158981432589,0.5850943457223833,0.0222859810368297,0.0679293466616063,0.0456433656247766,0.0223313586891225,0.0223313586891225,False
jhr_se15,SE-15 (Mar 2022),ethnicity,Other,PN,66680,0.1514668188623608,0.16476199414202222,0.0041691661667666,0.316228813004383,0.0329180158910878,0.07734898024275506,0.084062241909195,0.0041691661667666,0.8891571685662868,0.8849880023995202,0.1575131374964693,0.2595991560918928,0.10208601859542352,0.1575131374964693,0.1575131374964693,False
jhr_se15,SE-15 (Mar 2022),age,18-29,turnout,677952,0.5144746650684232,0.03909014581540528,0.47538451925301795,0.5535648108838285,0.0090758884838129,0.017759207963169193,0.019943951946635344,0.3894759510997829,0.6327601364108374,0.2432841853110545,0.5146606359355476,0.6301143449896208,0.11545370905407326,0.5146606359355476,0.5146606359355476,True
jhr_se15,SE-15 (Mar 2022),age,30-39,turnout,557295,0.4654411109677245,0.03984649754399539,0.4255946134237291,0.5052876085117199,0.0073857263514993,0.018940793855211798,0.020329845685711934,0.2295785894364744,0.7164822939376811,0.48690370450120674,0.3436980519254981,0.4644094929642723,0.12071144103877418,0.4644094929642723,0.4644094929642723,True
jhr_se15,SE-15 (Mar 2022),age,40-49,turnout,460337,0.5202175214260691,0.02373668974084978,0.49648083168521934,0.5439542111669189,0.010846496648033,0.005386935757616941,0.012110555990229479,0.2500841774612947,0.7892457047771524,0.5391615273158576,0.515084963001033,0.5196559915915453,0.004571028590512283,0.5196559266639229,0.5196559266639229,True
jhr_se15,SE-15 (Mar 2022),age,50-59,turnout,384405,0.6233960496901847,0.01933142060782272,0.604064629082362,0.6427274702980074,0.0095947672938633,0.002284428120490558,0.009862969697868736,0.3064944524654986,0.8702722389146863,0.5637777864491877,0.6169198757910302,0.6263477604217477,0.00942788463071742,0.624598954441997,0.624598954441997,True
jhr_se15,SE-15 (Mar 2022),age,60-69,turnout,287427,0.6534321226138136,0.017060505018722128,0.6363716175950914,0.6704926276325357,0.008463489993036,0.002033435443995729,0.008704339295266391,0.2664989719128683,0.9010948867016668,0.6345959147887985,0.6542597687224414,0.6603393305069942,0.006079561784552823,0.6542597687224414,0.6542597687224414,True
jhr_se15,SE-15 (Mar 2022),age,70+,turnout,207419,0.4649762152087573,0.02704104040566273,0.4379351748030946,0.49201725561442006,0.0129550777397595,0.004744256623981483,0.013796449186562618,0.1991331555932677,0.7989817711974313,0.5998486156041636,0.441750776112558,0.4636077363333432,0.021856960220785204,0.4636077363333432,0.4636077363333432,True
jhr_se15,SE-15 (Mar 2022),age,18-29,BN,677952,0.212933748080476,0.0375159321244794,0.1754178159559966,0.2504496802049554,0.0103845965650791,0.01607885810997517,0.01914078169616296,0.1315417610686302,0.29856243509865,0.1670206740300198,0.2130491685648987,0.2757718900000582,0.0627227214351595,0.2130493432846517,0.2130493432846517,True
jhr_se15,SE-15 (Mar 2022),age,30-39,BN,557295,0.1991329740836317,0.037826006385147666,0.16130696769848404,0.23695898046877936,0.0089749661772183,0.017085102315924153,0.019298982849565136,0.0594729900680967,0.3826070573035824,0.3231340672354857,0.0698758034666181,0.199711946463199,0.12983614299658092,0.199711946463199,0.199711946463199,True
jhr_se15,SE-15 (Mar 2022),age,40-49,BN,460337,0.2002423376316395,0.02242912191388716,0.17781321571775235,0.22267145954552667,0.0107033974169399,0.0040483778915550855,0.011443429547901613,0.0461401103973827,0.4073711215913559,0.3612310111939732,0.1680225256264539,0.1993520396408502,0.03132951401439629,0.1993520396408502,0.1993520396408502,True
jhr_se15,SE-15 (Mar 2022),age,50-59,BN,384405,0.2467655069838533,0.022220042605431038,0.22454546437842227,0.26898554958928433,0.0111621045350208,0.0019822887612178596,0.011336756431342366,0.0472522469790975,0.475547924714819,0.42829567773572147,0.2456550916577198,0.2525032631720427,0.006848171514322904,0.247054425443525,0.247054425443525,True
jhr_se15,SE-15 (Mar 2022),age,60-69,BN,287427,0.2896403326734889,0.030835827725914765,0.2588045049475741,0.32047616039940363,0.0156588520160345,0.0015211706844647152,0.015732565166283043,0.0504649876316421,0.5338712090374251,0.48340622140578304,0.2914545710553701,0.2993753695171355,0.00792079846176541,0.2914545710553701,0.2914545710553701,True
jhr_se15,SE-15 (Mar 2022),age,70+,BN,207419,0.2418053564986831,0.032642470670650785,0.2091628858280323,0.27444782716933386,0.0159813334218766,0.004686514237912953,0.016654321770740197,0.0343025470183541,0.4927706719249441,0.45846812490659,0.2048310588941512,0.2383580925751987,0.03352703368104748,0.2383580925751987,0.2383580925751987,True
jhr_se15,SE-15 (Mar 2022),age,18-29,PH,677952,0.1151762615629913,0.027518973871321642,0.08765728769166965,0.14269523543431295,0.0106258878898219,0.009177163408358823,0.014040292791490635,0.0749536840366279,0.1652049112621542,0.0902512272255263,0.0620349752233231,0.1150015845534791,0.052966609330156,0.1150015845534791,0.1150015845534791,True
jhr_se15,SE-15 (Mar 2022),age,30-39,PH,557295,0.0970553954765947,0.024772169730691507,0.07228322574590319,0.1218275652072862,0.0080754804230374,0.009722522888089774,0.012638862107495668,0.0301025489193335,0.2112130918095443,0.1811105428902108,0.0966590794867285,0.1249148213661193,0.028255741879390797,0.0966596234495794,0.0966596234495794,True
jhr_se15,SE-15 (Mar 2022),age,40-49,PH,460337,0.1418324216866714,0.02454419102144686,0.11728823066522454,0.16637661270811827,0.0122099398109925,0.0027805645365137337,0.012522546439513706,0.0384500919978189,0.2770665838288036,0.2386164918309847,0.1419974295960657,0.1438754008360697,0.001877971240003995,0.14199780520144,0.14199780520144,True
jhr_se15,SE-15 (Mar 2022),age,50-59,PH,384405,0.1913181111357366,0.029892955319347384,0.16142515581638922,0.22121106645508398,0.0152023904288221,0.0012230355313607758,0.015251507815993564,0.0519061926874,0.3416500825951795,0.2897438899077795,0.1899715160510814,0.1962880107164165,0.006316494665335098,0.1914190020691467,0.1914190020691467,True
jhr_se15,SE-15 (Mar 2022),age,60-69,PH,287427,0.2135378170943118,0.03232519074531216,0.18121262634899965,0.24586300783962395,0.0164164617245794,0.0015812975818821728,0.01649244425781233,0.0594759712901014,0.3677872990359291,0.3083113277458277,0.0007128423784591,0.2152041821047761,0.214491339726317,0.2152041821047761,0.2152041821047761,True
jhr_se15,SE-15 (Mar 2022),age,70+,PH,207419,0.1374447487049928,0.023137010135521153,0.11430773856947164,0.16058175884051396,0.01131809337481,0.003353993571617443,0.011804597007918955,0.0354210559302667,0.3025470183541527,0.26712596242388603,0.1368313212054467,0.225913071923901,0.08908175071845431,0.1369539141082158,0.1369539141082158,True
jhr_se15,SE-15 (Mar 2022),age,18-29,PN,677952,0.141985620925582,0.02516664878481054,0.11681897214077147,0.16715226971039254,0.008001148758505,0.010042433875765755,0.012840126931025786,0.0822698362125932,0.2075382917964693,0.1252684555838761,0.1420497178079864,0.1812549854019783,0.0392052675939919,0.1420500990387217,0.1420500990387217,True
jhr_se15,SE-15 (Mar 2022),age,30-39,PN,557295,0.1377035918522205,0.024793160427649317,0.11291043142457119,0.16249675227986982,0.0069363510639268,0.010578218033509822,0.012649571646759856,0.0360096537740335,0.2788971729514889,0.2428875191774554,0.0538862424126872,0.1381546001737408,0.0842683577610536,0.1381546001737408,0.1381546001737408,True
jhr_se15,SE-15 (Mar 2022),age,40-49,PN,460337,0.1347097062961555,0.01652304612921345,0.11818666016694206,0.15123275242536896,0.0077453310055375,0.0033281924289273,0.008430125576129311,0.025490021440814,0.2835487914288879,0.25805876998807387,0.1031772456745802,0.1341450554065863,0.030967809732006107,0.1341450554065863,0.1341450554065863,True
jhr_se15,SE-15 (Mar 2022),age,50-59,PN,384405,0.1283181797066242,0.015200385892914399,0.11311779381370982,0.1435185655995386,0.0076489222765147,0.0012800974272554136,0.007755298924956326,0.0158166517084845,0.2770853656950351,0.2612687139865506,0.1250966899502081,0.1310972684434947,0.006000578493286612,0.1284554541249791,0.1284554541249791,True
jhr_se15,SE-15 (Mar 2022),age,60-69,PN,287427,0.0970049131397,0.012893399988283719,0.08411151315141628,0.10989831312798372,0.0064689365889534,0.0011943340266393292,0.006578265300144754,0.0091675451505947,0.2310569292376847,0.22188938408709,0.0967006556970941,0.0975702082612881,0.0008695525641939927,0.0971732445224432,0.0971732445224432,True
jhr_se15,SE-15 (Mar 2022),age,70+,PN,207419,0.04709403668224,0.009360833075598256,0.037733203606641744,0.056454869757838255,0.0038866918028398,0.0027754610917368233,0.004775935242652171,0.0003471234554211,0.1956281729253347,0.1952810494699136,0.0309273179614958,0.0460994101636379,0.015172092202142103,0.0460994101636379,0.0460994101636379,True
ge15,GE-15 (Nov 2022),ethnicity,Malay,turnout,1379473,0.7776321420493914,0.04173237725154767,0.7358997647978437,0.819364519300939,0.0057079615745887,0.020512671267813348,0.021292029209973303,0.5816786555445449,0.9178874831185532,0.3362088275740083,0.7862891141206622,0.8010293546350414,0.014740240514379277,0.7862891647693747,0.7862891647693747,True
ge15,GE-15 (Nov 2022),ethnicity,Chinese,turnout,959182,0.6957484439425052,0.04585893142590421,0.649889512516601,0.7416073753684095,0.0084437675714501,0.02182067301322734,0.023397413992808272,0.4687223071325359,0.9429232408448032,0.4742009337122673,0.6723473307529587,0.6907699601708717,0.01842262941791295,0.6884321829778612,0.6884321829778612,True
ge15,GE-15 (Nov 2022),ethnicity,Indian,turnout,186910,0.686616443432559,0.10553793522314031,0.5810785082094188,0.7921543786556993,0.0272882582298793,0.04641907289521148,0.05384588531792873,0.0393932908886629,0.9985501043282864,0.9591568134396234,0.6484015280649126,0.6719326698948249,0.02353114182991234,0.671930962401555,0.671930962401555,False
ge15,GE-15 (Nov 2022),ethnicity,Other,turnout,67997,0.6453165979537617,0.15730346289107222,0.4880131350626895,0.802620060844834,0.0444265360021526,0.06683896986008418,0.08025686882197562,0.0352221421533302,0.9919555274497404,0.9567333852964102,0.5461579577898672,0.6142104653631133,0.0680525075732461,0.6142063993992251,0.6142063993992251,False
ge15,GE-15 (Nov 2022),ethnicity,Malay,BN,1379473,0.3642503481084921,0.04948180398590697,0.31476854412258515,0.4076875734429017,0.0131601181367924,0.021544433974920035,0.02524581836015662,0.1639604399651171,0.4076875734429017,0.24372713347778457,0.1759135331244051,0.3666882480112773,0.1907747148868722,0.3666856172575977,0.3666856172575977,True
ge15,GE-15 (Nov 2022),ethnicity,Chinese,BN,959182,0.0576135519351726,0.04196684193552721,0.01564670999964539,0.09958039387069981,0.0079892793179019,0.019865305058906074,0.021411654048738373,0.0057893079728351,0.308742240784335,0.3029529328114999,0.0566295018551745,0.1762321318914229,0.1196026300362484,0.0566295018551745,0.0566295018551745,True
ge15,GE-15 (Nov 2022),ethnicity,Indian,BN,186910,0.0562542803495697,0.1147276070191738,0.0011556364025466,0.1709818873687435,0.0363460014973843,0.045883058856939274,0.05853449337712949,0.0011556364025466,0.7936600502915842,0.7925044138890376,0.0554857424920989,0.2881907378912427,0.23270499539914383,0.0555098371991199,0.0555098371991199,False
ge15,GE-15 (Nov 2022),ethnicity,Other,BN,67997,0.0964323430638509,0.16145699723322773,0.0127799755871582,0.25788934029707866,0.0603652486691532,0.05605216551419224,0.08237601899654476,0.0127799755871582,0.9338794358574642,0.9210994602703061,0.0938385347229802,0.2699174685147566,0.17607893379177642,0.1002770561712772,0.1002770561712772,False
ge15,GE-15 (Nov 2022),ethnicity,Malay,PH,1379473,0.0626632022308471,0.028952636111689103,0.033710566119158,0.09161583834253621,0.0067759519589873,0.013125972925265593,0.014771753118208726,0.0158973753020175,0.3758674508308607,0.3599700755288432,0.0540470752107031,0.0661861613642287,0.012139086153525595,0.0566844703160165,0.0566844703160165,True
ge15,GE-15 (Nov 2022),ethnicity,Chinese,PH,959182,0.626453816466359,0.03892058166743492,0.587533234798924,0.665374398133794,0.0104814004973803,0.016865887232024715,0.01985743962624231,0.2083640018265563,0.7693649380409557,0.5610009362143995,0.6277780830130097,0.6390951907552976,0.01131710774228789,0.6277780830130097,0.6277780830130097,True
ge15,GE-15 (Nov 2022),ethnicity,Indian,PH,186910,0.6231482120463793,0.11608476853938773,0.5070634435069915,0.739232980585767,0.052029802495593,0.028297138152916946,0.059226922724177414,0.003033545556685,0.9765448611631268,0.9735113156064418,0.598943937314405,0.639985015934438,0.041041078620033034,0.6399785187180626,0.6399785187180626,False
ge15,GE-15 (Nov 2022),ethnicity,Other,PH,67997,0.170565576857562,0.11220952653877199,0.05835605031879,0.282775103396334,0.0413850096688612,0.03955775291816604,0.05724975843814897,0.0041913613835904,0.8941865082283041,0.8899951468447137,0.0993129439872948,0.1795071787807,0.08019423479340519,0.1795071787807,0.1795071787807,False
ge15,GE-15 (Nov 2022),ethnicity,Malay,PN,1379473,0.3412714518093016,0.036916308920667024,0.3043551428886345,0.361222727809823,0.0127749810543915,0.013840212777100845,0.018834851490136237,0.139551843348873,0.361222727809823,0.22167088446095,0.3150178662620774,0.3384186095349508,0.023400743272873392,0.3383943819844961,0.3383943819844961,True
ge15,GE-15 (Nov 2022),ethnicity,Chinese,PN,959182,0.0026618876609301,0.01749161737083533,0.0002137237771351,0.02015350503176543,0.001411850793648,0.008811907343633164,0.008924294576956801,0.0002137237771351,0.2636903111192662,0.26347658734213114,0.0023888425470119,0.0155353496994855,0.0131465071524736,0.0023932080617551,0.0023932080617551,True
ge15,GE-15 (Nov 2022),ethnicity,Indian,PN,186910,0.0003502881959723,0.0686199730551741,0.0,0.0689702612511464,0.0047584378615546,0.0346853095180036,0.0350101903342725,0.0,0.6881761275480177,0.6881761275480177,6.325803439049013e-09,0.0181039089228121,0.01810390259700866,0.0003378685613267,0.0003378685613267,False
ge15,GE-15 (Nov 2022),ethnicity,Other,PN,67997,0.3742450322980842,0.2907853765393342,0.08345965575875003,0.6650304088374184,0.0917575384131812,0.11658134462750899,0.1483598859894562,0.0024265776431313,0.945806432636734,0.9433798549936028,0.427620505711163,0.5946182872112737,0.16699778150011074,0.427620505711163,0.427620505711163,False
ge15,GE-15 (Nov 2022),age,18-29,turnout,712706,0.7408669152950814,0.03748850343434078,0.7033784118607407,0.7783554187294222,0.0052137523367891,0.018402466828099512,0.019126787466500397,0.6351090070800582,0.8296211902243,0.1945121831442418,0.7412122986110821,0.8158233090934025,0.07461101048232044,0.7412122986110821,0.7412122986110821,True
ge15,GE-15 (Nov 2022),age,30-39,turnout,556274,0.6992538770058526,0.04172151165696047,0.6575323653488921,0.7409753886628131,0.0056216062971117,0.02053075763954256,0.021286485539265546,0.4890072158684389,0.895758205488662,0.4067509896202231,0.6423839306086196,0.698707626757756,0.05632369614913635,0.6984068088658394,0.6984068088658394,True
ge15,GE-15 (Nov 2022),age,40-49,turnout,459441,0.7503515295936641,0.015063926353006102,0.735287603240658,0.7654154559466703,0.0062191668753235,0.004515704804185361,0.007685676710717399,0.5145143772540979,0.9337695155634782,0.4192551383093803,0.7458985420535996,0.7507577093221893,0.004859167268589704,0.7507574610606456,0.7507574610606456,True
ge15,GE-15 (Nov 2022),age,50-59,turnout,382649,0.8021136898526117,0.01205269016498506,0.7900609996876266,0.8141663800175968,0.0056936168306652,0.0023231461316857455,0.006149331716829113,0.5545160185966773,0.9624041876497784,0.4078881690531011,0.796670564455902,0.8025992996632302,0.005928735207328173,0.8025989256849265,0.8025989256849265,True
ge15,GE-15 (Nov 2022),age,60-69,turnout,283387,0.8051444038183657,0.012311095679604681,0.7928333081387611,0.8174554994979704,0.0060062888490065,0.0018378266305268706,0.006281171265104429,0.4844788222466097,0.9621753997184064,0.47769657747179667,0.8048762966970316,0.8077688069846621,0.00289251028763049,0.8048762966970316,0.8048762966970316,True
ge15,GE-15 (Nov 2022),age,70+,turnout,199105,0.5798560433380416,0.027348307120917164,0.5525077362171245,0.6072043504589588,0.012798366396696,0.005558246833888258,0.013953217918835288,0.3692222696567138,0.8925391125285653,0.5233168428718515,0.5676840823058973,0.5787871277161932,0.011103045410295942,0.5787871277161932,0.5787871277161932,True
ge15,GE-15 (Nov 2022),age,18-29,BN,712706,0.1767509660307662,0.03693296983339971,0.13981799619736648,0.21368393586416592,0.0133098855288623,0.013338622872671057,0.01884335195581618,0.1088344983766097,0.2621585899375058,0.1533240915608961,0.1762311706309484,0.2346206211017693,0.05838945047082089,0.1762314147400424,0.1762314147400424,True
ge15,GE-15 (Nov 2022),age,30-39,BN,556274,0.2035345876930999,0.03867460867206291,0.164859979021037,0.2422091963651628,0.0134660664048394,0.014422712575301101,0.019731943200032097,0.0600477462545436,0.3783638998047725,0.31831615355022885,0.0668292578489595,0.2058609501942845,0.13903169234532498,0.2058609501942845,0.2058609501942845,True
ge15,GE-15 (Nov 2022),age,40-49,BN,459441,0.2092357349040348,0.0313609277894534,0.1778748071145814,0.2405966626934882,0.015239187786582,0.004876710306371923,0.01600047336196602,0.0495536967749939,0.4196556249877569,0.370101928212763,0.1822572185201099,0.2075714956345368,0.02531427711442691,0.2075714956345368,0.2075714956345368,True
ge15,GE-15 (Nov 2022),age,50-59,BN,382649,0.2540666341144261,0.028838796682362347,0.22522783743206376,0.2829054307967884,0.0145383234641139,0.0022647931485477676,0.014713671776715483,0.0539946530632511,0.4824133866807439,0.42841873361749283,0.2505618642472133,0.2578182108752128,0.00725634662799951,0.2531066899728508,0.2531066899728508,True
ge15,GE-15 (Nov 2022),age,60-69,BN,283387,0.3139227945702904,0.04051655450579733,0.27340624006449304,0.3544393490760877,0.0205497981544176,0.0022417518663916396,0.02067171148254966,0.0671696302229813,0.5496723561772417,0.48250272595426047,0.3159126042400625,0.32351394828322,0.0076013440431574875,0.31591275442034,0.31591275442034,True
ge15,GE-15 (Nov 2022),age,70+,BN,199105,0.2677133624343865,0.03962340378774103,0.22808995864664544,0.3073367662221275,0.0196782600398197,0.004631807539641279,0.020216022340684196,0.044931066522689,0.5202832676226112,0.4753522010999222,0.2282234285831659,0.2650592041078045,0.03683577552463857,0.2650592041078045,0.2650592041078045,True
ge15,GE-15 (Nov 2022),age,18-29,PH,712706,0.3030563876967491,0.053216542302187544,0.24983984539456155,0.3562729299989366,0.0189688840243696,0.01942612603428189,0.02715129709295283,0.2187998978540941,0.3845947697928739,0.1657948719387798,0.1213490693327476,0.3032079595021055,0.1818588901693579,0.3032079595021055,0.3032079595021055,False
ge15,GE-15 (Nov 2022),age,30-39,PH,556274,0.2614813419096756,0.05896100787187611,0.20252033403779948,0.3204423497815517,0.0201450528738537,0.02234082373644311,0.030082146873406178,0.1186429709100191,0.4666603148807962,0.3480173439707771,0.259139120721589,0.3552113449240308,0.09607222420244177,0.259139368275445,0.259139368275445,False
ge15,GE-15 (Nov 2022),age,40-49,PH,459441,0.3407358700235541,0.049973116119754676,0.2907627539037994,0.3907089861433088,0.0247915817850243,0.005953852833095221,0.025496487816201365,0.1459817473843213,0.5479114837378466,0.4019297363535253,0.3416742269860158,0.3458320149092767,0.0041577879232608805,0.3424139893158546,0.3424139893158546,True
ge15,GE-15 (Nov 2022),age,50-59,PH,382649,0.3744505805990093,0.04062309913212455,0.3338274814668848,0.41507367973113385,0.020589353866427,0.0023766627591118713,0.020726070985777834,0.1639047795760605,0.5955640809201121,0.4316593013440516,0.3729578480736247,0.3779024724507497,0.0049446243771250065,0.3761692777955558,0.3761692777955558,True
ge15,GE-15 (Nov 2022),age,60-69,PH,283387,0.3698008286600741,0.04373985103006906,0.326060977630005,0.41354067969014313,0.0221720960747957,0.0025324283146688086,0.02231625052554544,0.1388454657411949,0.599346476726173,0.4605010109849781,0.360630569233983,0.3726208856118913,0.011990316377908261,0.372620805706284,0.372620805706284,True
ge15,GE-15 (Nov 2022),age,70+,PH,199105,0.2477220845992007,0.03696838859401258,0.21075369600518812,0.2846904731932133,0.0176755040024673,0.006582539516798029,0.018861422752047236,0.0915195499861881,0.5171944451420105,0.4256748951558224,0.244263386728712,0.25618059050837,0.011917203779657992,0.2442644066819996,0.2442644066819996,True
ge15,GE-15 (Nov 2022),age,18-29,PN,712706,0.2557987880403279,0.04362951500084116,0.21216927303948674,0.2994283030411691,0.0149561197416346,0.016486969144769735,0.022259956633082226,0.1705934845504317,0.3371249856181932,0.16653150106776152,0.2554599729885927,0.3181282335013903,0.06266826051279761,0.2554599868820948,0.2554599868820948,True
ge15,GE-15 (Nov 2022),age,30-39,PN,556274,0.2284250746345924,0.0466982502963611,0.1817268243382313,0.2751233249309535,0.0145650228842003,0.01885526796481979,0.023825637906306683,0.0744489226532248,0.4145744722924314,0.3401255496392066,0.1129645884384848,0.2309050193000926,0.11794043086160781,0.2309050193000926,0.2309050193000926,True
ge15,GE-15 (Nov 2022),age,40-49,PN,459441,0.1923501035573885,0.029336597175450663,0.16301350638193782,0.22168670073283916,0.014396142448486,0.00409654459568263,0.01496765162012789,0.0430610241576176,0.3848045777368585,0.3417435535792409,0.1486266735347938,0.1905539761897269,0.04192730265493308,0.1905539761897269,0.1905539761897269,True
ge15,GE-15 (Nov 2022),age,50-59,PN,382649,0.1623199967383022,0.025713789218124474,0.1366062075201777,0.18803378595642667,0.0130450589363308,0.0013935388991689016,0.013119280213328813,0.0252241610457625,0.3372751529469566,0.3120509919011941,0.1544691862088572,0.1640861328255752,0.009616946616717997,0.1617065811526231,0.1617065811526231,True
ge15,GE-15 (Nov 2022),age,60-69,PN,283387,0.1066150538512632,0.018048454699863704,0.0885665991513995,0.1246635085511269,0.0089956063052256,0.0019681489715696098,0.009208395255032501,0.0124070617212504,0.2615963329298803,0.24918927120862994,0.1062770851736494,0.1069322341787407,0.00065514900509131,0.1063987131855403,0.1063987131855403,True
ge15,GE-15 (Nov 2022),age,70+,PN,199105,0.0440285797818948,0.015858802609065043,0.028169777172829754,0.05988738239095984,0.0067765404773499,0.004421134972433153,0.008091225820951552,0.0003917530951005,0.2257853896185429,0.22539363652344238,0.0259300356566863,0.0428427649596005,0.016912729302914202,0.0428427649596005,0.0428427649596005,True
jhr_se16,SE-16 (Jul 2026),ethnicity,Malay,turnout,1461042,0.7512981922007089,0.046683315804303925,0.704614876396405,0.7979815080050129,0.0053313354009807,0.023213678231450287,0.023818018267502003,0.5273085920870173,0.8987250195408483,0.37141642745383097,0.7545996789591255,0.7758624314434888,0.021262752484363268,0.7600934035006133,0.7600934035006133,True
jhr_se16,SE-16 (Jul 2026),ethnicity,Chinese,turnout,981403,0.6228527564771064,0.04747081322308875,0.5753819432540176,0.6703235697001951,0.0079688775189847,0.022871288381096266,0.024219802664841198,0.3656204433856428,0.9115592677014438,0.545938824315801,0.5941147488850631,0.6265202681750561,0.03240551928999302,0.617416533372175,0.617416533372175,True
jhr_se16,SE-16 (Jul 2026),ethnicity,Indian,turnout,193096,0.5384745091763625,0.13693065154659384,0.4015438576297687,0.6754051607229563,0.0272175161368431,0.06434272705668025,0.06986257731969074,0.0165617102373948,0.997622944027841,0.9810612337904462,0.4850454074840494,0.5181361367741008,0.03309072929005136,0.5039527500352422,0.5039527500352422,False
jhr_se16,SE-16 (Jul 2026),ethnicity,Other,turnout,67634,0.6002151149107129,0.14550943579229042,0.45470567911842247,0.7457245507030033,0.0378251124924754,0.06388086897906259,0.07423950805729103,0.024987432356507,0.9931099742732944,0.9681225419167874,0.5545775237174849,0.5962047043028134,0.04162718058532844,0.5916408366569242,0.5916408366569242,False
jhr_se16,SE-16 (Jul 2026),ethnicity,Malay,BN,1461042,0.6371239467920017,0.05052647225219259,0.586597474539809,0.6876504190441943,0.0107099223187502,0.023448768226027157,0.025778812373567647,0.3428272424748912,0.7195713744026524,0.3767441319277612,0.6084073407258572,0.6370802437298742,0.028672903004016925,0.6351411398941078,0.6351411398941078,False
jhr_se16,SE-16 (Jul 2026),ethnicity,Chinese,BN,981403,0.0772560919741506,0.04487662571100416,0.032379466263146445,0.12213271768515477,0.0089425870352072,0.021077661960092912,0.022896237607655186,0.0102699910230557,0.4980400508251961,0.4877700598021404,0.0764621080468317,0.0944283445011736,0.017966236454341894,0.0769863972600789,0.0769863972600789,True
jhr_se16,SE-16 (Jul 2026),ethnicity,Indian,BN,193096,0.2613891407388528,0.13431646976986544,0.12707267096898733,0.3957056105087182,0.0320573542205484,0.06056834150055081,0.0685288111070742,0.0026204582176741,0.9646807805443924,0.9620603223267183,0.2450909466810355,0.3573086555468643,0.1122177088658288,0.2844003403851339,0.2844003403851339,False
jhr_se16,SE-16 (Jul 2026),ethnicity,Other,BN,67634,0.4651299136425771,0.1499353929044673,0.31519452073810983,0.6150653065470444,0.0439933781957497,0.06258173091991175,0.07649764944105475,0.012449359789455,0.9853771771594168,0.9729278173699617,0.4831542987734477,0.5742239871257976,0.09106968835234991,0.4831542987734477,0.4831542987734477,False
jhr_se16,SE-16 (Jul 2026),ethnicity,Malay,PH,1461042,0.0355134901706821,0.01859427629400768,0.016919213876674423,0.05410776646468978,0.0023911086747272,0.009180599604486153,0.009486875660208,0.0053044334112229,0.2867740968432119,0.28146966343198904,0.0327999844031406,0.0359607731564927,0.0031607887533521006,0.0327999844031406,0.0327999844031406,True
jhr_se16,SE-16 (Jul 2026),ethnicity,Chinese,PH,981403,0.52533630305786,0.031614347681558436,0.4937219553763016,0.5569506507394185,0.0068710108239038,0.01459310335462424,0.016129769225284918,0.1263925217265486,0.5939282843031863,0.46753576257663776,0.5252207949194997,0.5278503323369951,0.0026295374174953867,0.5278489326103806,0.5278489326103806,True
jhr_se16,SE-16 (Jul 2026),ethnicity,Indian,PH,193096,0.1712635851665713,0.06606867533973922,0.10519490982683209,0.2373322605063105,0.0205265326777289,0.026738080636284144,0.03370850782639756,0.0002019720760657,0.9109458507685296,0.910743878692464,0.1660267763960684,0.1796363679280666,0.0136095915319982,0.1790720891673762,0.1790720891673762,False
jhr_se16,SE-16 (Jul 2026),ethnicity,Other,PH,67634,0.0575355919039241,0.0463830698095592,0.011152522094364896,0.1039186617134833,0.0170109593531608,0.016451489704224484,0.02366483153548939,0.0012567643492917,0.8304255256232073,0.8291687612739156,0.0338409075283019,0.0571257990326674,0.023284891504365503,0.0571257990326674,0.0571257990326674,True
jhr_se16,SE-16 (Jul 2026),ethnicity,Malay,PN,1461042,0.0679764182355904,0.02402499552322815,0.043951422712362256,0.0679932541295869,0.0090719609503385,0.008243150313458828,0.012257650777157219,0.0217454392139308,0.0679932541295869,0.046247814915656105,0.0494486950461127,0.0682553528381811,0.0188066577920684,0.0679932541295869,0.0682435546722874,True
jhr_se16,SE-16 (Jul 2026),ethnicity,Chinese,PN,981403,2.1169019012376292e-05,0.014086385954891019,5.094747010147717e-06,0.014107554973903395,7.41079315731507e-05,0.007186549518099473,0.007186931609638275,5.094747010147717e-06,0.0564518347712407,0.05644674002423056,8.99631112045796e-07,0.0103642561092372,0.010363356478125155,1.0631423875689387e-05,1.0631423875689387e-05,True
jhr_se16,SE-16 (Jul 2026),ethnicity,Indian,PN,193096,1.8244620077372668e-05,0.03951368938283708,0.0,0.03953193400291445,1.4637911022775382e-05,0.02016004028930223,0.020160045603488306,0.0,0.147693375315905,0.147693375315905,4.707944560888598e-11,0.0236111208918788,0.023611120844799355,2.50369174239498e-05,2.50369174239498e-05,True
jhr_se16,SE-16 (Jul 2026),ethnicity,Other,PN,67634,0.0001227141129016,0.03681443370579868,0.0,0.03693714781870028,0.0087938762646106,0.0165971114566187,0.018782874339693202,0.0,0.3453144867965816,0.3453144867965816,2.5893349424183308e-08,0.0364886981679193,0.03648867227456988,0.0001338560805701,0.0001338560805701,True
jhr_se16,SE-16 (Jul 2026),age,18-29,turnout,663898,0.6599982590690874,0.04923720903505745,0.6107610500340299,0.7092354681041448,0.0074829762132416,0.023980637292226777,0.025121025017886454,0.5441784731991962,0.7709527668406894,0.22677429364149315,0.659927547947708,0.7500591363812685,0.0901315884335605,0.659927547947708,0.659927547947708,True
jhr_se16,SE-16 (Jul 2026),age,30-39,turnout,582037,0.6561017018540101,0.04605343426473914,0.6100482675892709,0.7021551361187492,0.0059346221747637,0.022734837303414652,0.02349665013507099,0.4288249716083341,0.854431934739544,0.42560696313120994,0.5925401641154006,0.6558566992780478,0.06331653516264724,0.6558566031372866,0.6558566031372866,True
jhr_se16,SE-16 (Jul 2026),age,40-49,turnout,494571,0.6834428597879277,0.014218726237626043,0.6692241335503017,0.6976615860255537,0.0060398221768569,0.0040184106613783315,0.007254452162054103,0.4454385720149382,0.8971047635223254,0.4516661915073872,0.6803807603279773,0.6829227089554695,0.00254194862749213,0.6829225631135445,0.6829225631135445,True
jhr_se16,SE-16 (Jul 2026),age,50-59,turnout,398733,0.7457479013599004,0.012910211788869884,0.7328376895710306,0.7586581131487703,0.0065085482497415,0.0010125695464601962,0.00658684274942341,0.4805471330439166,0.9402682998397424,0.45972116679582575,0.7362590125022971,0.7461172240549714,0.0098582115526743,0.7461170090862702,0.7461170090862702,True
jhr_se16,SE-16 (Jul 2026),age,60-69,turnout,313976,0.7925962187694512,0.009806014370973462,0.7827902043984777,0.8024022331404247,0.0046778759965873,0.001774308637972332,0.005003068556619113,0.4656629806099829,0.9575891150915994,0.4919261344816165,0.7928960378834815,0.7975473544218094,0.004651316538327843,0.7928960378834815,0.7928960378834815,True
jhr_se16,SE-16 (Jul 2026),age,70+,turnout,249960,0.5971015466997839,0.023828958423611536,0.5732725882761723,0.6209305051233954,0.0103770638021801,0.0063343949210628815,0.012157631848781396,0.4036805888942231,0.8722315570491279,0.4685509681549048,0.5841499969680715,0.5973553998888913,0.013205402920819842,0.5972935491571275,0.5972935491571275,True
jhr_se16,SE-16 (Jul 2026),age,18-29,BN,663898,0.427917343181206,0.050268682880409116,0.3776486603007969,0.4781860260616151,0.0169914644147796,0.019211285145294334,0.025647287183882202,0.3148254701776478,0.5435172270439134,0.22869175686626558,0.4286546446539274,0.532523889863128,0.10386924520920066,0.428654674266554,0.428654674266554,False
jhr_se16,SE-16 (Jul 2026),age,30-39,BN,582037,0.4193999035890139,0.045112078497814824,0.37428782509119907,0.46451198208682876,0.0133317278568026,0.018762147076518954,0.02301636658051777,0.2087547698857632,0.6321505333853346,0.42339576349957136,0.3187758513641865,0.420229746654924,0.1014538952907375,0.420229746654924,0.420229746654924,True
jhr_se16,SE-16 (Jul 2026),age,40-49,BN,494571,0.4083956363127197,0.029312829878744374,0.3790828064339753,0.4377084661914641,0.0145079091937027,0.0036315715968697486,0.014955525448338967,0.1769937986659145,0.6396351585515527,0.46264135988563826,0.4006277346684289,0.4107274587927753,0.010099724124346399,0.4107274557284283,0.4107274557284283,True
jhr_se16,SE-16 (Jul 2026),age,50-59,BN,398733,0.3854589664192895,0.02975669589393608,0.3557022705253534,0.4152156623132256,0.0150898165374087,0.0016703854107036579,0.015181987700987797,0.143534645991177,0.645329079860458,0.501794433869281,0.370555599678618,0.3840899278337493,0.013534328155131281,0.3823404456082157,0.3823404456082157,True
jhr_se16,SE-16 (Jul 2026),age,60-69,BN,313976,0.4101966933174402,0.03190410292921708,0.3782925903882231,0.44210079624665727,0.0161647462433879,0.001913466942429618,0.01627760353531484,0.1162732183351593,0.6618563202282977,0.5455831018931383,0.4118281976452793,0.4273411718231935,0.015512974177914196,0.4118281976452793,0.4118281976452793,True
jhr_se16,SE-16 (Jul 2026),age,70+,BN,249960,0.3038426337267044,0.03695893844497017,0.2668836952817342,0.34080157217167456,0.0180707719762907,0.005386892498057393,0.018856601247433758,0.0937029924787966,0.5683269323091694,0.4746239398303728,0.2662323973030351,0.2974394069063291,0.031207009603293978,0.2974394069063291,0.2974394069063291,True
jhr_se16,SE-16 (Jul 2026),age,18-29,PH,663898,0.1777538624914117,0.040118076023057975,0.13763578646835373,0.21787193851446968,0.0114314193608842,0.016978760292515487,0.020468406134213253,0.1179623978382221,0.2539426237162938,0.13598022587807168,0.1140323242715367,0.1773864948705272,0.06335417059899051,0.1773864948705272,0.1773864948705272,True
jhr_se16,SE-16 (Jul 2026),age,30-39,PH,582037,0.1819801223709499,0.038264376463377464,0.14371574590757244,0.22024449883432737,0.0102087302346929,0.016640773439643274,0.019522641052743605,0.0724369756561868,0.3319565594627146,0.2595195838065278,0.181541991245071,0.220662318766331,0.03912032752125999,0.181542256828086,0.181542256828086,True
jhr_se16,SE-16 (Jul 2026),age,40-49,PH,494571,0.2070059370495555,0.025050905146604234,0.18195503190295126,0.23205684219615974,0.0124741055464881,0.002784339203271378,0.012781074054389916,0.0719087855939794,0.3896386969717189,0.3177299113777395,0.2057853209933846,0.2083674292422488,0.0025821082488642066,0.2057856421710495,0.2057856421710495,True
jhr_se16,SE-16 (Jul 2026),age,50-59,PH,398733,0.2896070390971092,0.02748054006270402,0.2621264990344052,0.3170875791598132,0.013917706543583,0.0016961769174508787,0.014020683705461235,0.1031166218998678,0.4905914484128477,0.3874748265129799,0.2899132761057463,0.2932064039093038,0.003293127803557505,0.2912475781009762,0.2912475781009762,True
jhr_se16,SE-16 (Jul 2026),age,60-69,PH,313976,0.3203797316920905,0.031899846184024604,0.2884798855080659,0.3522795778761151,0.0161486811397913,0.002027258081921642,0.016275431726543166,0.1102377251764466,0.5322094682396107,0.4219717430631641,0.3001837833600993,0.3226549400969766,0.022471156736877274,0.3226549400969766,0.3226549400969766,True
jhr_se16,SE-16 (Jul 2026),age,70+,PH,249960,0.2481950642689087,0.029322463074677608,0.21887260119423108,0.2775175273435863,0.014472739633533,0.00378874422375361,0.01496044034422327,0.09102656425028,0.4448431749079852,0.3538166106577052,0.248075008855067,0.2631370379107148,0.015062029055647796,0.2480756436485211,0.2480756436485211,True
jhr_se16,SE-16 (Jul 2026),age,18-29,PN,663898,0.0345370189726673,0.013609913597823393,0.020927105374843904,0.048146932570490686,0.0057577246998991,0.0038814210690594968,0.006943833468277242,0.0160551771507068,0.0598299738815299,0.0437747967308231,0.0225456203696527,0.0350955885308902,0.012549968161237497,0.0345848944337331,0.0345848944337331,True
jhr_se16,SE-16 (Jul 2026),age,30-39,PN,582037,0.0373465111798011,0.013960943782866794,0.023385567396934308,0.0513074549626679,0.0060530922490361,0.0037544923962269583,0.0071229305014626505,0.0074978051223547,0.0893774794385924,0.08187967431623769,0.0373243192121617,0.0418572405322965,0.004532921320134803,0.0374189260142591,0.0374189260142591,True
jhr_se16,SE-16 (Jul 2026),age,40-49,PN,494571,0.0463018355642684,0.013348203886748703,0.0329536316775197,0.05965003945101711,0.0067210217219339,0.0010991649125195848,0.006810308105484032,0.0073113870404855,0.0976017599090929,0.09029037286860739,0.0454464639878064,0.0493252888372872,0.003878824849480801,0.0469430691733792,0.0469430691733792,True
jhr_se16,SE-16 (Jul 2026),age,50-59,PN,398733,0.0426604531506617,0.0153120862228227,0.027348366927839,0.0579725393734844,0.007788208419115,0.0006129170487675088,0.007812288889195255,0.0043437588561769,0.1026401125565227,0.0982963537003458,0.0411714310391932,0.0439264546944892,0.0027550236552960003,0.0422497581179466,0.0422497581179466,True
jhr_se16,SE-16 (Jul 2026),age,60-69,PN,313976,0.0328315104706607,0.011910721915171117,0.02092078855548958,0.04474223238583182,0.0060569881732834,0.0004915230928984288,0.0060768989363117944,0.0016912120671643,0.0824075725533161,0.0807163604861518,0.0328238303603456,0.0353676849824453,0.0025438546220997033,0.0328238303603456,0.0328238303603456,True
jhr_se16,SE-16 (Jul 2026),age,70+,PN,249960,0.0178624937430445,0.006808587098779225,0.011053906644265275,0.024671080841823727,0.0032851745423338,0.0011290255936793302,0.003473768927948584,8.001280204832773e-05,0.0661505840934549,0.06607057129140657,0.0150310468465151,0.016925875377017,0.0018948285305019005,0.016925875377017,0.016925875377017,True
