dim,group,estimand,model,estimate,se,ci_lo,ci_hi
ethnicity,Malay,turnout,M1_lpm,0.7586545832058434,0.005159766671631904,0.747847967332712,0.7691560796008703
ethnicity,Malay,turnout,M2_logit,0.7600934035006133,0.0052501069773208545,0.7489531827049085,0.7707051217526537
ethnicity,Malay,turnout,M3_probit,0.7600934167547913,,,
ethnicity,Malay,turnout,M2ml_logit_noprior,0.7600933677360585,,,
ethnicity,Malay,turnout,M4_context,0.7758624314434888,,,
ethnicity,Malay,turnout,M5_within_seat,0.7545996789591255,0.004784820572430604,0.7457163064867659,0.7642259730234603
ethnicity,Chinese,turnout,M1_lpm,0.6185021695417487,0.007904717133861434,0.6014033674680138,0.63154782143447
ethnicity,Chinese,turnout,M2_logit,0.617416533372175,0.007893493336904743,0.6003384464549556,0.6308158532607534
ethnicity,Chinese,turnout,M3_probit,0.617416806535781,,,
ethnicity,Chinese,turnout,M2ml_logit_noprior,0.6174166394697345,,,
ethnicity,Chinese,turnout,M4_context,0.5941147488850631,,,
ethnicity,Chinese,turnout,M5_within_seat,0.6265202681750561,0.007238159909022119,0.6104317138835937,0.6378443352237347
ethnicity,Indian,turnout,M1_lpm,0.5050953225103182,0.031088214657215573,0.44444435384388087,0.564845810618397
ethnicity,Indian,turnout,M2_logit,0.5039527500352422,0.03184025944538554,0.44118731773248104,0.5648448058947135
ethnicity,Indian,turnout,M3_probit,0.5039511747373084,,,
ethnicity,Indian,turnout,M2ml_logit_noprior,0.5039510843454258,,,
ethnicity,Indian,turnout,M4_context,0.5181361367741008,,,
ethnicity,Indian,turnout,M5_within_seat,0.48504540748404945,0.03437496095853387,0.41137914692027194,0.538317434567293
ethnicity,Other,turnout,M1_lpm,0.5997282336329981,0.05196006807367891,0.4648627497462473,0.6589167677406341
ethnicity,Other,turnout,M2_logit,0.5916408366569242,0.05542366257185374,0.4477141187817069,0.6552070441589701
ethnicity,Other,turnout,M3_probit,0.5916460812644256,,,
ethnicity,Other,turnout,M2ml_logit_noprior,0.5916496888551869,,,
ethnicity,Other,turnout,M4_context,0.5545775237174849,,,
ethnicity,Other,turnout,M5_within_seat,0.5962047043028134,0.04792040758633382,0.4996027593608358,0.674128347966514
ethnicity,Malay,BN,M1_lpm,0.6354921058300321,0.011365139100225331,0.6103760392698171,0.6574735111033286
ethnicity,Malay,BN,M2_logit,0.6351411398941078,0.011520652074018138,0.6096969028051711,0.6569603797681797
ethnicity,Malay,BN,M3_probit,0.6351416180385614,,,
ethnicity,Malay,BN,M2ml_logit_noprior,0.6351418436193785,,,
ethnicity,Malay,BN,M4_context,0.6084073407258572,,,
ethnicity,Malay,BN,M5_within_seat,0.6370802437298742,0.010229288606182817,0.6151333445375261,0.6566222704751199
ethnicity,Chinese,BN,M1_lpm,0.07006020055529162,0.00977008609394835,0.05187487906548149,0.09030604512484222
ethnicity,Chinese,BN,M2_logit,0.07698639726007891,0.00869180535772689,0.06187484477901217,0.09519370081752747
ethnicity,Chinese,BN,M3_probit,0.07698529353923034,,,
ethnicity,Chinese,BN,M2ml_logit_noprior,0.07698493061316636,,,
ethnicity,Chinese,BN,M4_context,0.0944283445011736,,,
ethnicity,Chinese,BN,M5_within_seat,0.07646210804683176,0.0061010562812340765,0.06550030773606413,0.08868795893325078
ethnicity,Indian,BN,M1_lpm,0.30249503337133266,0.037948122874335855,0.2347137131230357,0.3801081678001007
ethnicity,Indian,BN,M2_logit,0.2844003403851339,0.03577051248477394,0.2199829262320966,0.3590042040154709
ethnicity,Indian,BN,M3_probit,0.2843991999122878,,,
ethnicity,Indian,BN,M2ml_logit_noprior,0.2843982098897484,,,
ethnicity,Indian,BN,M4_context,0.35730865554686436,,,
ethnicity,Indian,BN,M5_within_seat,0.2450909466810355,0.016935752528660517,0.2129175194257925,0.2770373447153142
ethnicity,Other,BN,M1_lpm,0.4874393166815767,0.05618098121788706,0.39017689403428024,0.6052174011357839
ethnicity,Other,BN,M2_logit,0.4831542987734477,0.055324794416503224,0.386235174313195,0.5983560589440875
ethnicity,Other,BN,M3_probit,0.4831548926229502,,,
ethnicity,Other,BN,M2ml_logit_noprior,0.4831552378936993,,,
ethnicity,Other,BN,M4_context,0.5684799497522242,,,
ethnicity,Other,BN,M5_within_seat,0.5742239871257976,0.044500577817918684,0.48398000043551526,0.6583650208469148
ethnicity,Malay,PH,M1_lpm,0.03261003547053163,0.0028428541452943747,0.027711872017101576,0.0385426120500821
ethnicity,Malay,PH,M2_logit,0.032799984403140615,0.0024465155855937656,0.028506748372864186,0.03776629213612639
ethnicity,Malay,PH,M3_probit,0.03280087297562138,,,
ethnicity,Malay,PH,M2ml_logit_noprior,0.0328012230055092,,,
ethnicity,Malay,PH,M4_context,0.03416020940062566,,,
ethnicity,Malay,PH,M5_within_seat,0.0359607731564927,0.0021597557941347915,0.03212369550508242,0.04032415981445573
ethnicity,Chinese,PH,M1_lpm,0.5272819944450753,0.007499533498003996,0.5114525023845147,0.5401932583277781
ethnicity,Chinese,PH,M2_logit,0.5278489326103806,0.00719107800594815,0.5127157943734443,0.5405411794434405
ethnicity,Chinese,PH,M3_probit,0.5278503323369951,,,
ethnicity,Chinese,PH,M2ml_logit_noprior,0.5278511142406963,,,
ethnicity,Chinese,PH,M4_context,0.526772887677163,,,
ethnicity,Chinese,PH,M5_within_seat,0.5252207949194997,0.007164291459132692,0.5104790038709466,0.5380788250277021
ethnicity,Indian,PH,M1_lpm,0.17984066134486107,0.023493933702427847,0.12951042720845865,0.22301870613538186
ethnicity,Indian,PH,M2_logit,0.17907208916737627,0.021481936288129114,0.13538374810609333,0.2180284764303336
ethnicity,Indian,PH,M3_probit,0.17907454938840872,,,
ethnicity,Indian,PH,M2ml_logit_noprior,0.17907415531619864,,,
ethnicity,Indian,PH,M4_context,0.17963636792806667,,,
ethnicity,Indian,PH,M5_within_seat,0.16602677639606842,0.015165735496971531,0.13370097696876504,0.1917818555772519
ethnicity,Other,PH,M1_lpm,0.06753592895047066,0.02510764913055466,0.0109918113228946,0.10773712981865291
ethnicity,Other,PH,M2_logit,0.05712579903266742,0.017602674909816967,0.023466402737571317,0.08946139678275768
ethnicity,Other,PH,M3_probit,0.057061408238607496,,,
ethnicity,Other,PH,M2ml_logit_noprior,0.0570383240608263,,,
ethnicity,Other,PH,M4_context,0.033840907528301996,,,
ethnicity,Other,PH,M5_within_seat,0.0373564230389226,0.006113463869017422,0.02701101317533476,0.051166500670601696
ethnicity,Malay,PN,M1_lpm,0.07925158455596042,0.01009377534492671,0.059504042153880186,0.0981638895401556
ethnicity,Malay,PN,M2_logit,0.06824355467228745,0.010007489896911461,0.04923221195580531,0.08713825097782027
ethnicity,Malay,PN,M3_probit,0.06825535283818115,,,
ethnicity,Malay,PN,M2ml_logit_noprior,0.06825644919199256,,,
ethnicity,Malay,PN,M4_context,0.049448695046112774,,,
ethnicity,Malay,PN,M5_within_seat,0.06129081723207432,0.009640256605498195,0.0439063820983449,0.07944084806747147
ethnicity,Chinese,PN,M1_lpm,-0.004010120182163504,0.004841563240077588,-0.012090454167940306,0.007002068681282473
ethnicity,Chinese,PN,M2_logit,1.0631423875689387e-05,0.00011119136801169666,4.778632204156782e-06,0.0004301050499350249
ethnicity,Chinese,PN,M3_probit,8.99631112045796e-07,,,
ethnicity,Chinese,PN,M2ml_logit_noprior,1.626641396845641e-10,,,
ethnicity,Chinese,PN,M4_context,0.010364256109237243,,,
ethnicity,Chinese,PN,M5_within_seat,0.002896681361635362,0.0007065774484361798,0.0017720906834291263,0.004451494402500206
ethnicity,Indian,PN,M1_lpm,-0.052361186727522005,0.02414233957753944,-0.10133129356552806,-0.010333139489569234
ethnicity,Indian,PN,M2_logit,2.50369174239498e-05,1.8890473683686476e-05,1.4794732113752215e-05,7.304734849873271e-05
ethnicity,Indian,PN,M3_probit,2.264693027559803e-06,,,
ethnicity,Indian,PN,M2ml_logit_noprior,1.0002584386655623e-10,,,
ethnicity,Indian,PN,M4_context,4.707944560888598e-11,,,
ethnicity,Indian,PN,M5_within_seat,0.023611120891878827,0.009600990173199793,0.007695216441577024,0.0435768062948051
ethnicity,Other,PN,M1_lpm,-0.0354054752541065,0.05873791028780974,-0.17446324889168116,0.05651071015986445
ethnicity,Other,PN,M2_logit,0.00013385608057013744,0.007026838607070868,5.3875668583485174e-05,0.020139697080177748
ethnicity,Other,PN,M3_probit,1.4443163773454868e-05,,,
ethnicity,Other,PN,M2ml_logit_noprior,4.6534670646705084e-09,,,
ethnicity,Other,PN,M4_context,2.5893349424183308e-08,,,
ethnicity,Other,PN,M5_within_seat,0.036488698167919324,0.013029197218220833,0.013917312244456548,0.06441493505954736
age,18-29,turnout,M1_lpm,0.6599673343942943,0.008320975778686946,0.6442715614706142,0.6761649186400849
age,18-29,turnout,M2_logit,0.659927547947708,0.008303365103533881,0.6442547148574688,0.676076112361477
age,18-29,turnout,M3_probit,0.6599276448563014,,,
age,18-29,turnout,M2ml_logit_noprior,0.659927699795382,,,
age,18-29,turnout,M4_context,0.7500591363812685,,,
age,18-29,turnout,M5_within_seat,0.6607750761308652,0.008136926548938413,0.6453653100330159,0.6766753422897455
age,30-39,turnout,M1_lpm,0.6558464332500547,0.006295677863762814,0.6439439686547267,0.6674613530405773
age,30-39,turnout,M2_logit,0.6558566031372866,0.006302087889218256,0.6439263538543133,0.6675222764397115
age,30-39,turnout,M3_probit,0.6558566992780478,,,
age,30-39,turnout,M2ml_logit_noprior,0.6558567637494975,,,
age,30-39,turnout,M4_context,0.5925401641154006,,,
age,30-39,turnout,M5_within_seat,0.6552590479052179,0.006319122312863651,0.6435971290622499,0.6673481945861356
age,40-49,turnout,M1_lpm,0.6829623033476357,0.006458572099085187,0.6709406901409526,0.6952697803965623
age,40-49,turnout,M2_logit,0.6829225631135445,0.006459509490946536,0.6708619292217314,0.6952525588986336
age,40-49,turnout,M3_probit,0.6829227089554695,,,
age,40-49,turnout,M2ml_logit_noprior,0.6829227940922304,,,
age,40-49,turnout,M4_context,0.6803807603279773,,,
age,40-49,turnout,M5_within_seat,0.6825825916821386,0.006537681089274699,0.6698154037094655,0.6948481296421671
age,50-59,turnout,M1_lpm,0.7455967200509583,0.007016967399710073,0.7318960806365913,0.7586275109575011
age,50-59,turnout,M2_logit,0.7461170090862702,0.00692003530974004,0.7326334047510831,0.758964515634382
age,50-59,turnout,M3_probit,0.7461172240549714,,,
age,50-59,turnout,M2ml_logit_noprior,0.7461173518437546,,,
age,50-59,turnout,M4_context,0.7362590125022971,,,
age,50-59,turnout,M5_within_seat,0.7440407301558025,0.006967188518737688,0.7300096969517381,0.7570905823025227
age,60-69,turnout,M1_lpm,0.7962633666775017,0.004880375806850958,0.7875254349536316,0.8052431441053783
age,60-69,turnout,M2_logit,0.7928960378834815,0.004901616316485901,0.7842180740869327,0.8025430050982776
age,60-69,turnout,M3_probit,0.7928968510270313,,,
age,60-69,turnout,M2ml_logit_noprior,0.7928972822890039,,,
age,60-69,turnout,M4_context,0.7975473544218094,,,
age,60-69,turnout,M5_within_seat,0.7952295643046992,0.005531024208656353,0.7851610388170075,0.8064357798394844
age,70+,turnout,M1_lpm,0.5943637503591654,0.01026039860616588,0.575259939320467,0.6150705339565863
age,70+,turnout,M2_logit,0.5972935491571275,0.009956849612202478,0.5788291641789204,0.6168912335532106
age,70+,turnout,M3_probit,0.597293410343407,,,
age,70+,turnout,M2ml_logit_noprior,0.5972933559288264,,,
age,70+,turnout,M4_context,0.5841499969680715,,,
age,70+,turnout,M5_within_seat,0.5973553998888913,0.009280918563334531,0.5795219930233775,0.6148231536552846
age,18-29,BN,M1_lpm,0.42851570998275945,0.018989604550597953,0.3922301268602688,0.4627867271004268
age,18-29,BN,M2_logit,0.428654674266554,0.019007737168418738,0.39236660125919764,0.4628981613729537
age,18-29,BN,M3_probit,0.42865464465392744,,,
age,18-29,BN,M2ml_logit_noprior,0.4286546211730633,,,
age,18-29,BN,M4_context,0.532523889863128,,,
age,18-29,BN,M5_within_seat,0.4301922949135416,0.018443703880837173,0.3951275263217138,0.4635783323972434
age,30-39,BN,M1_lpm,0.4201630485599908,0.014242459237815773,0.3960879982535542,0.44824979289408823
age,30-39,BN,M2_logit,0.420229746654924,0.014230930481513745,0.3961031623445559,0.44833843289018854
age,30-39,BN,M3_probit,0.4202296567150562,,,
age,30-39,BN,M2ml_logit_noprior,0.4202296642064913,,,
age,30-39,BN,M4_context,0.3187758513641865,,,
age,30-39,BN,M5_within_seat,0.41945977529744827,0.014484794326134696,0.3952280782402768,0.4477483198939031
age,40-49,BN,M1_lpm,0.41038477221172887,0.016222854552313468,0.3819699942364574,0.4417322288390455
age,40-49,BN,M2_logit,0.41072745572842834,0.01618006477173937,0.38241576976937036,0.4419580769973991
age,40-49,BN,M3_probit,0.41072745879277534,,,
age,40-49,BN,M2ml_logit_noprior,0.41072738744517495,,,
age,40-49,BN,M4_context,0.4006277346684289,,,
age,40-49,BN,M5_within_seat,0.40603081738791286,0.01570692232027647,0.3772601540208454,0.43660981060865217
age,50-59,BN,M1_lpm,0.38282384920132984,0.016656917825675428,0.35316950622502874,0.41569433767031394
age,50-59,BN,M2_logit,0.3823404456082157,0.01680943262157534,0.35271496820260234,0.41550752117838385
age,50-59,BN,M3_probit,0.3823402848106835,,,
age,50-59,BN,M2ml_logit_noprior,0.38234016292076295,,,
age,50-59,BN,M4_context,0.370555599678618,,,
age,50-59,BN,M5_within_seat,0.38408992783374934,0.0167318811777853,0.355211215446043,0.41710868133880646
age,60-69,BN,M1_lpm,0.4089078252001475,0.0175110809193524,0.3773259340641227,0.44206298629913127
age,60-69,BN,M2_logit,0.4118281976452793,0.017387658512040445,0.38008951193217677,0.44480874384519165
age,60-69,BN,M3_probit,0.41182830616004973,,,
age,60-69,BN,M2ml_logit_noprior,0.4118283676924768,,,
age,60-69,BN,M4_context,0.42734117182319353,,,
age,60-69,BN,M5_within_seat,0.41694588981341213,0.017567153037053196,0.38552471070701144,0.45000462596252616
age,70+,BN,M1_lpm,0.302363116150555,0.0182952522139714,0.27095102264227783,0.34312061766427954
age,70+,BN,M2_logit,0.2974394069063291,0.01935897369062682,0.2633814905176961,0.34061233305110866
age,70+,BN,M3_probit,0.297438683600265,,,
age,70+,BN,M2ml_logit_noprior,0.2974383803819735,,,
age,70+,BN,M4_context,0.26623239730303516,,,
age,70+,BN,M5_within_seat,0.2951589011937428,0.016751240829993012,0.26828364147235845,0.3281494169641513
age,18-29,PH,M1_lpm,0.1769843609779575,0.01346017358231735,0.14803842481077398,0.20001222582390035
age,18-29,PH,M2_logit,0.17738649487052727,0.013363107132518346,0.1485908384494075,0.20014391841618348
age,18-29,PH,M3_probit,0.17738622767977036,,,
age,18-29,PH,M2ml_logit_noprior,0.17738613507149628,,,
age,18-29,PH,M4_context,0.11403232427153678,,,
age,18-29,PH,M5_within_seat,0.17645979211997634,0.013044669287651064,0.14858587668567774,0.19869442634013743
age,30-39,PH,M1_lpm,0.18094442275312034,0.011507526978554821,0.1570454862876258,0.20163470002601963
age,30-39,PH,M2_logit,0.18154225682808603,0.011515197048090437,0.1576646144113917,0.20237188659819275
age,30-39,PH,M3_probit,0.18154199124507103,,,
age,30-39,PH,M2ml_logit_noprior,0.18154183672177449,,,
age,30-39,PH,M4_context,0.22066231876633108,,,
age,30-39,PH,M5_within_seat,0.18175139374299462,0.01176876239225134,0.15671629946935023,0.20315904893089165
age,40-49,PH,M1_lpm,0.20464182005245243,0.01507851213518367,0.17261975679954616,0.23058545559830218
age,40-49,PH,M2_logit,0.20578564217104958,0.015028906004270468,0.1737511187754667,0.2316118603499325
age,40-49,PH,M3_probit,0.20578532099338465,,,
age,40-49,PH,M2ml_logit_noprior,0.20578515856998736,,,
age,40-49,PH,M4_context,0.20713022559223598,,,
age,40-49,PH,M5_within_seat,0.2083674292422488,0.014479300540129046,0.17657129568278696,0.23338522967119774
age,50-59,PH,M1_lpm,0.292023575792137,0.016603578786728423,0.2554763475742256,0.32094218797531643
age,50-59,PH,M2_logit,0.2912475781009762,0.016315018468658942,0.25577030217614255,0.3195902452916266
age,50-59,PH,M3_probit,0.2912473658404306,,,
age,50-59,PH,M2ml_logit_noprior,0.2912472745505187,,,
age,50-59,PH,M4_context,0.29320640390930386,,,
age,50-59,PH,M5_within_seat,0.2899132761057463,0.016095527683915006,0.25721826803024556,0.31856687456010213
age,60-69,PH,M1_lpm,0.326560833441577,0.01792444034712049,0.2899967123022363,0.3608284513322685
age,60-69,PH,M2_logit,0.32265494009697665,0.018107291208287694,0.28579212546327,0.35596587202204927
age,60-69,PH,M3_probit,0.32265478876945736,,,
age,60-69,PH,M2ml_logit_noprior,0.32265477989240127,,,
age,60-69,PH,M4_context,0.3001837833600993,,,
age,60-69,PH,M5_within_seat,0.3178952826243015,0.018416548213215953,0.28167184834759945,0.3518529631005521
age,70+,PH,M1_lpm,0.24570922330516057,0.015885246105897765,0.21155273282673634,0.27679426716241323
age,70+,PH,M2_logit,0.24807564364852117,0.015483700474625554,0.21539519552882108,0.27858275517106695
age,70+,PH,M3_probit,0.248075008855067,,,
age,70+,PH,M2ml_logit_noprior,0.2480746463935421,,,
age,70+,PH,M4_context,0.26313703791071485,,,
age,70+,PH,M5_within_seat,0.25283798581049444,0.014259779315181378,0.22350800405867063,0.28244061301893175
age,18-29,PN,M1_lpm,0.034629234544923046,0.006835571716246529,0.02237437289595225,0.04916999510428432
age,18-29,PN,M2_logit,0.03458489443373312,0.0068968643170674625,0.022272529824031728,0.04915783150571272
age,18-29,PN,M3_probit,0.03458436974052558,,,
age,18-29,PN,M2ml_logit_noprior,0.034584206076380505,,,
age,18-29,PN,M4_context,0.022545620369652703,,,
age,18-29,PN,M5_within_seat,0.03509558853089025,0.006830318745785609,0.02283004532572403,0.049850533437738494
age,30-39,PN,M1_lpm,0.03758386909126451,0.007049619015170775,0.024249369910648137,0.05170365182234191
age,30-39,PN,M2_logit,0.037418926014259155,0.007054730117783059,0.024117751203181038,0.05145897706331697
age,30-39,PN,M3_probit,0.037418250970030646,,,
age,30-39,PN,M2ml_logit_noprior,0.037418030517109985,,,
age,30-39,PN,M4_context,0.04185724053229654,,,
age,30-39,PN,M5_within_seat,0.0373243192121617,0.006961237081858113,0.02448885601424661,0.05161619654781566
age,40-49,PN,M1_lpm,0.04618265743564436,0.008370736103131271,0.03072926054727923,0.06311756175110027
age,40-49,PN,M2_logit,0.04694306917337923,0.008396815915620354,0.031170936770321466,0.06387703349707137
age,40-49,PN,M3_probit,0.04694273889882576,,,
age,40-49,PN,M2ml_logit_noprior,0.04694257075386628,,,
age,40-49,PN,M4_context,0.04932528883728721,,,
age,40-49,PN,M5_within_seat,0.04544646398780649,0.008272519031378689,0.03005181263911184,0.06323817192058273
age,50-59,PN,M1_lpm,0.041946448323147666,0.008856519738961873,0.02579680652381638,0.0606617949209726
age,50-59,PN,M2_logit,0.04224975811794662,0.009001095473552276,0.025618806997999354,0.06086182392257591
age,50-59,PN,M3_probit,0.04224858310614826,,,
age,50-59,PN,M2ml_logit_noprior,0.042248220297275686,,,
age,50-59,PN,M4_context,0.041171431039193226,,,
age,50-59,PN,M5_within_seat,0.04392645469448923,0.008576565687289078,0.027599619742105074,0.06189322997896563
age,60-69,PN,M1_lpm,0.03126471787253156,0.006298010887965222,0.01978378726016078,0.044469283562980896
age,60-69,PN,M2_logit,0.032823830360345675,0.006911277230667039,0.020401888056398882,0.047574718361320746
age,60-69,PN,M3_probit,0.032824902135443194,,,
age,60-69,PN,M2ml_logit_noprior,0.03282504718238928,,,
age,60-69,PN,M4_context,0.035367684982445385,,,
age,60-69,PN,M5_within_seat,0.033430937419203596,0.00665123950770014,0.02147309014610921,0.04707899842244487
age,70+,PN,M1_lpm,0.020407708118253667,0.0037497131467295348,0.013235080258073208,0.027693255091787317
age,70+,PN,M2_logit,0.01692587537701706,0.003326516394305971,0.01040751229460614,0.023815009843535666
age,70+,PN,M3_probit,0.016920163745483812,,,
age,70+,PN,M2ml_logit_noprior,0.016918751907662392,,,
age,70+,PN,M4_context,0.015031046846515173,,,
age,70+,PN,M5_within_seat,0.016445753737436824,0.0029800888892493487,0.010874545082637596,0.022435555196229445
