cluster,dim,group,estimand,registered,lo,hi
P.140 Segamat,ethnicity,Malay,turnout,31698,0.5644520159000568,0.8912865164994637
P.140 Segamat,ethnicity,Chinese,turnout,29593,0.5139728989963843,0.8863244686243368
P.140 Segamat,ethnicity,Indian,turnout,6401,0.10342134041556007,0.9957819090767067
P.140 Segamat,ethnicity,Other,turnout,775,0.0,1.0
P.140 Segamat,ethnicity,Malay,BN,31698,0.2689444128967127,0.5113256356867941
P.140 Segamat,ethnicity,Chinese,BN,29593,0.005845977089176495,0.23637346669820566
P.140 Segamat,ethnicity,Indian,BN,6401,0.005467895641306046,0.7789407905014841
P.140 Segamat,ethnicity,Other,BN,775,0.0,1.0
P.140 Segamat,ethnicity,Malay,PH,31698,0.016941131932614047,0.3376553725787116
P.140 Segamat,ethnicity,Chinese,PH,29593,0.31406075761159735,0.7317946811746021
P.140 Segamat,ethnicity,Indian,PH,6401,0.0026558350257772224,0.8982971410717075
P.140 Segamat,ethnicity,Other,PH,775,0.0,0.8309677419354838
P.140 Segamat,ethnicity,Malay,PN,31698,0.1108587292573664,0.24850148274339076
P.140 Segamat,ethnicity,Chinese,PN,29593,0.0,0.1206704288176258
P.140 Segamat,ethnicity,Indian,PN,6401,0.0,0.451804405561631
P.140 Segamat,ethnicity,Other,PN,775,0.0,0.9961290322580645
P.140 Segamat,age,18-29,turnout,15670,0.544416081684748,0.84639438417358
P.140 Segamat,age,30-39,turnout,15210,0.4307692307692308,0.8735042735042735
P.140 Segamat,age,40-49,turnout,11140,0.36669658886894074,0.9429084380610413
P.140 Segamat,age,50-59,turnout,9992,0.4253402722177742,0.98628903122498
P.140 Segamat,age,60-69,turnout,9708,0.47167284713638236,0.9600329625051504
P.140 Segamat,age,70+,turnout,6747,0.3715725507633022,0.9371572550763302
P.140 Segamat,age,18-29,BN,15670,0.09572431397574985,0.378940650925335
P.140 Segamat,age,30-39,BN,15210,0.07534516765285997,0.43162393162393164
P.140 Segamat,age,40-49,BN,11140,0.0296229802513465,0.46885098743267506
P.140 Segamat,age,50-59,BN,9992,0.018514811849479583,0.5615492393915132
P.140 Segamat,age,60-69,BN,9708,0.08240626287597858,0.5392459826946848
P.140 Segamat,age,70+,BN,6747,0.020157106862309173,0.4886616273899511
P.140 Segamat,age,18-29,PH,15670,0.1860880663688577,0.40944479897894065
P.140 Segamat,age,30-39,PH,15210,0.12813938198553584,0.47758053911900067
P.140 Segamat,age,40-49,PH,11140,0.1518850987432675,0.6466786355475763
P.140 Segamat,age,50-59,PH,9992,0.1450160128102482,0.6726381104883907
P.140 Segamat,age,60-69,PH,9708,0.19241862381540997,0.622991347342398
P.140 Segamat,age,70+,PH,6747,0.16955684007707128,0.6422113531940121
P.140 Segamat,age,18-29,PN,15670,0.07185705169112955,0.29227823867262287
P.140 Segamat,age,30-39,PN,15210,0.04575936883629191,0.321827744904668
P.140 Segamat,age,40-49,PN,11140,0.0037701974865350088,0.30763016157989226
P.140 Segamat,age,50-59,PN,9992,0.00040032025620496394,0.23839071257005603
P.140 Segamat,age,60-69,PN,9708,0.005150391429748661,0.17408323032550474
P.140 Segamat,age,70+,PN,6747,0.0,0.18008003557136504
P.141 Sekijang,ethnicity,Malay,turnout,37015,0.6037552343644469,0.9066324463055518
P.141 Sekijang,ethnicity,Chinese,turnout,23358,0.47371350286839625,0.949439164312013
P.141 Sekijang,ethnicity,Indian,turnout,2593,0.0019282684149633628,1.0
P.141 Sekijang,ethnicity,Other,turnout,1012,0.0,1.0
P.141 Sekijang,ethnicity,Malay,BN,37015,0.24071322436849926,0.4482777252465217
P.141 Sekijang,ethnicity,Chinese,BN,23358,0.0010274852298998202,0.2936467163284528
P.141 Sekijang,ethnicity,Indian,BN,2593,0.0,0.9691477053605861
P.141 Sekijang,ethnicity,Other,BN,1012,0.0,1.0
P.141 Sekijang,ethnicity,Malay,PH,37015,0.013481021207618533,0.3424287451033365
P.141 Sekijang,ethnicity,Chinese,PH,23358,0.2050261152495933,0.7548163370151554
P.141 Sekijang,ethnicity,Indian,PH,2593,0.0,0.9830312379483224
P.141 Sekijang,ethnicity,Other,PH,1012,0.0,0.924901185770751
P.141 Sekijang,ethnicity,Malay,PN,37015,0.13235174929082805,0.30409293529650144
P.141 Sekijang,ethnicity,Chinese,PN,23358,0.0,0.23850500899049576
P.141 Sekijang,ethnicity,Indian,PN,2593,0.0,0.8650212109525646
P.141 Sekijang,ethnicity,Other,PN,1012,0.0,1.0
P.141 Sekijang,age,18-29,turnout,16880,0.633175355450237,0.8321682464454976
P.141 Sekijang,age,30-39,turnout,14839,0.4786036794932273,0.877619785699845
P.141 Sekijang,age,40-49,turnout,11494,0.5110492430833479,0.9292674438837655
P.141 Sekijang,age,50-59,turnout,8296,0.47770009643201544,0.978182256509161
P.141 Sekijang,age,60-69,turnout,7265,0.5147969717825189,0.9976600137646249
P.141 Sekijang,age,70+,turnout,5204,0.4240968485780169,0.9506149116064566
P.141 Sekijang,age,18-29,BN,16880,0.12843601895734597,0.282760663507109
P.141 Sekijang,age,30-39,BN,14839,0.08457443223936922,0.40501381494709887
P.141 Sekijang,age,40-49,BN,11494,0.08012876283278232,0.46937532625717765
P.141 Sekijang,age,50-59,BN,8296,0.051711668273866924,0.5824493731918997
P.141 Sekijang,age,60-69,BN,7265,0.10681348933241569,0.6474879559532003
P.141 Sekijang,age,70+,BN,5204,0.10261337432744043,0.6247117601844735
P.141 Sekijang,age,18-29,PH,16880,0.20082938388625593,0.37191943127962085
P.141 Sekijang,age,30-39,PH,14839,0.11254127636633196,0.44288698699373275
P.141 Sekijang,age,40-49,PH,11494,0.09526709587610928,0.4746824430137463
P.141 Sekijang,age,50-59,PH,8296,0.12319189971070395,0.6447685631629702
P.141 Sekijang,age,60-69,PH,7265,0.10956641431520991,0.6092222986923607
P.141 Sekijang,age,70+,PH,5204,0.06437355880092237,0.5013451191391237
P.141 Sekijang,age,18-29,PN,16880,0.14336492890995262,0.3090047393364929
P.141 Sekijang,age,30-39,PN,14839,0.08477660219691353,0.39854437630568096
P.141 Sekijang,age,40-49,PN,11494,0.04410997041934923,0.3552288150339307
P.141 Sekijang,age,50-59,PN,8296,0.0059064609450337514,0.3634281581485053
P.141 Sekijang,age,60-69,PN,7265,0.004267033723331039,0.23551273227804542
P.141 Sekijang,age,70+,PN,5204,0.0034588777863182167,0.23251345119139125
P.142 Labis,ethnicity,Malay,turnout,18762,0.4596524890736595,0.8945208399957361
P.142 Labis,ethnicity,Chinese,turnout,21731,0.46136855183838754,0.9018452901385118
P.142 Labis,ethnicity,Indian,turnout,7646,0.1759089720115093,0.9680878890923359
P.142 Labis,ethnicity,Other,turnout,1663,0.2772098616957306,0.9290438965724594
P.142 Labis,ethnicity,Malay,BN,18762,0.20472231105425862,0.5820808016202963
P.142 Labis,ethnicity,Chinese,BN,21731,0.02715015415765496,0.3350052919792002
P.142 Labis,ethnicity,Indian,BN,7646,0.023672508501177088,0.6676693696050222
P.142 Labis,ethnicity,Other,BN,1663,0.15273601924233313,0.8045700541190619
P.142 Labis,ethnicity,Malay,PH,18762,0.01817503464449419,0.4299648225135913
P.142 Labis,ethnicity,Chinese,PH,21731,0.19110947494362893,0.6537204914638075
P.142 Labis,ethnicity,Indian,PH,7646,0.04642950562385561,0.8395239340831807
P.142 Labis,ethnicity,Other,PH,1663,0.09621166566446182,0.5862898376428142
P.142 Labis,ethnicity,Malay,PN,18762,0.11848417013111609,0.27363820488220875
P.142 Labis,ethnicity,Chinese,PN,21731,4.6017210436703324e-05,0.11011918457503106
P.142 Labis,ethnicity,Indian,PN,7646,0.0,0.2733455401517133
P.142 Labis,ethnicity,Other,PN,1663,0.004810583283223091,0.5808779314491882
P.142 Labis,age,18-29,turnout,11010,0.46185286103542234,0.848410535876476
P.142 Labis,age,30-39,turnout,10327,0.28197927762176817,0.9425777089183693
P.142 Labis,age,40-49,turnout,8920,0.30964125560538114,0.9922645739910314
P.142 Labis,age,50-59,turnout,7983,0.3943379681823876,1.0
P.142 Labis,age,60-69,turnout,6321,0.30422401518747033,1.0
P.142 Labis,age,70+,turnout,5241,0.31520702156077085,0.9652738027094065
P.142 Labis,age,18-29,BN,11010,0.09936421435059037,0.3736603088101726
P.142 Labis,age,30-39,BN,10327,0.011910525806139247,0.47216035634743875
P.142 Labis,age,40-49,BN,8920,0.001233183856502242,0.534865470852018
P.142 Labis,age,50-59,BN,7983,0.04409369911061005,0.6332205937617437
P.142 Labis,age,60-69,BN,6321,0.006328112640404999,0.7327954437588989
P.142 Labis,age,70+,BN,5241,0.010684983781721046,0.6618965846212554
P.142 Labis,age,18-29,PH,11010,0.13387829246139873,0.47129881925522255
P.142 Labis,age,30-39,PH,10327,0.055098286046286436,0.6164423356250606
P.142 Labis,age,40-49,PH,8920,0.050672645739910316,0.7016816143497758
P.142 Labis,age,50-59,PH,7983,0.04935487911812602,0.7168984091193786
P.142 Labis,age,60-69,PH,6321,0.032906185730105994,0.7527289985761747
P.142 Labis,age,70+,PH,5241,0.04273993512688418,0.6391909940850983
P.142 Labis,age,18-29,PN,11010,0.07193460490463215,0.24813805631244323
P.142 Labis,age,30-39,PN,10327,0.00726251573545076,0.29592330783383364
P.142 Labis,age,40-49,PN,8920,0.0,0.2761210762331839
P.142 Labis,age,50-59,PN,7983,0.007390705248653389,0.2230990855568082
P.142 Labis,age,60-69,PN,6321,0.0,0.16484733428255022
P.142 Labis,age,70+,PN,5241,0.0,0.1530242320167907
P.143 Pagoh,ethnicity,Malay,turnout,46187,0.6771385887803928,0.9076579990040488
P.143 Pagoh,ethnicity,Chinese,turnout,20443,0.45878784914151544,0.9518172479577361
P.143 Pagoh,ethnicity,Indian,turnout,2359,0.032640949554896145,1.0
P.143 Pagoh,ethnicity,Other,turnout,846,0.0,1.0
P.143 Pagoh,ethnicity,Malay,BN,46187,0.13917336046939616,0.29999783488860504
P.143 Pagoh,ethnicity,Chinese,BN,20443,0.006065645942376363,0.3272024653915766
P.143 Pagoh,ethnicity,Indian,BN,2359,0.0,0.8859686307757524
P.143 Pagoh,ethnicity,Other,BN,846,0.0,0.9598108747044918
P.143 Pagoh,ethnicity,Malay,PH,46187,0.007253123173187261,0.23623530430640657
P.143 Pagoh,ethnicity,Chinese,PH,20443,0.15173898155847967,0.6912879714327643
P.143 Pagoh,ethnicity,Indian,PH,2359,0.0,0.9516744383213226
P.143 Pagoh,ethnicity,Other,PH,846,0.0,0.7801418439716312
P.143 Pagoh,ethnicity,Malay,PN,46187,0.28884751120445146,0.5252993266503562
P.143 Pagoh,ethnicity,Chinese,PN,20443,0.0005380814948882258,0.4577606026512743
P.143 Pagoh,ethnicity,Indian,PN,2359,0.0,0.917337855023315
P.143 Pagoh,ethnicity,Other,PN,846,0.0,1.0
P.143 Pagoh,age,18-29,turnout,18087,0.6185658207552386,0.9349809255266214
P.143 Pagoh,age,30-39,turnout,15488,0.3894628099173554,0.9571926652892562
P.143 Pagoh,age,40-49,turnout,11668,0.4453205347960233,0.9870586218717861
P.143 Pagoh,age,50-59,turnout,10174,0.3749754275604482,1.0
P.143 Pagoh,age,60-69,turnout,8302,0.37015177065767285,0.9962659600096362
P.143 Pagoh,age,70+,turnout,6116,0.2670045781556573,1.0
P.143 Pagoh,age,18-29,BN,18087,0.04279316636258086,0.2563719798750484
P.143 Pagoh,age,30-39,BN,15488,0.038223140495867766,0.4387913223140496
P.143 Pagoh,age,40-49,BN,11668,0.012170037709976003,0.4322934521768941
P.143 Pagoh,age,50-59,BN,10174,0.007076862590918026,0.6194220562217417
P.143 Pagoh,age,60-69,BN,8302,0.05721512888460612,0.6795952782462057
P.143 Pagoh,age,70+,BN,6116,0.003760627861347286,0.6863963374754741
P.143 Pagoh,age,18-29,PH,18087,0.08873776745728977,0.33095593520207883
P.143 Pagoh,age,30-39,PH,15488,0.028667355371900828,0.44821797520661155
P.143 Pagoh,age,40-49,PH,11668,0.03273911552965375,0.48225917038052796
P.143 Pagoh,age,50-59,PH,10174,0.01936308236681738,0.5355808924710045
P.143 Pagoh,age,60-69,PH,8302,0.00469766321368345,0.4933750903396772
P.143 Pagoh,age,70+,PH,6116,0.006213211249182472,0.5619686069326357
P.143 Pagoh,age,18-29,PN,18087,0.2326532868911373,0.5888759882788743
P.143 Pagoh,age,30-39,PN,15488,0.09536415289256199,0.7519369834710744
P.143 Pagoh,age,40-49,PN,11668,0.053308193349331505,0.7409153239629757
P.143 Pagoh,age,50-59,PN,10174,0.03735010811873403,0.715451149990171
P.143 Pagoh,age,60-69,PN,8302,0.02914960250542038,0.6165984100216815
P.143 Pagoh,age,70+,PN,6116,0.0,0.6242642249836494
P.144 Ledang,ethnicity,Malay,turnout,57598,0.6151602486197437,0.946873155317893
P.144 Ledang,ethnicity,Chinese,turnout,40244,0.47224430971076437,0.9615097902792963
P.144 Ledang,ethnicity,Indian,turnout,5077,0.028166239905455977,1.0
P.144 Ledang,ethnicity,Other,turnout,1290,0.027131782945736434,1.0
P.144 Ledang,ethnicity,Malay,BN,57598,0.12717455467203723,0.39701031285808536
P.144 Ledang,ethnicity,Chinese,BN,40244,0.0006957558890766326,0.35172945035284764
P.144 Ledang,ethnicity,Indian,BN,5077,0.0,0.83651762852078
P.144 Ledang,ethnicity,Other,BN,1290,0.0,1.0
P.144 Ledang,ethnicity,Malay,PH,57598,0.014583839716656829,0.3983124414042154
P.144 Ledang,ethnicity,Chinese,PH,40244,0.19180498956366165,0.7747490309114402
P.144 Ledang,ethnicity,Indian,PH,5077,0.0,0.9637581248768958
P.144 Ledang,ethnicity,Other,PH,1290,0.0,0.9596899224806201
P.144 Ledang,ethnicity,Malay,PN,57598,0.1264974478280496,0.37405812701829927
P.144 Ledang,ethnicity,Chinese,PN,40244,0.0,0.3283470827949508
P.144 Ledang,ethnicity,Indian,PN,5077,0.0,0.6962773291313767
P.144 Ledang,ethnicity,Other,PN,1290,0.0,0.8868217054263566
P.144 Ledang,age,18-29,turnout,27825,0.6328840970350404,0.8653009883198562
P.144 Ledang,age,30-39,turnout,22117,0.4626757697698603,0.9381019125559524
P.144 Ledang,age,40-49,turnout,17492,0.48513606219986277,0.9835353304367711
P.144 Ledang,age,50-59,turnout,15488,0.5255681818181818,0.9919938016528925
P.144 Ledang,age,60-69,turnout,11917,0.4357640345724595,0.9966434505328522
P.144 Ledang,age,70+,turnout,9370,0.3861259338313767,0.9414087513340448
P.144 Ledang,age,18-29,BN,27825,0.0893800539083558,0.30084456424079065
P.144 Ledang,age,30-39,BN,22117,0.016638784645295474,0.4114934213500927
P.144 Ledang,age,40-49,BN,17492,0.007088954950834668,0.48004802195289276
P.144 Ledang,age,50-59,BN,15488,0.028409090909090908,0.5606275826446281
P.144 Ledang,age,60-69,BN,11917,0.001090878576823026,0.6012419233028446
P.144 Ledang,age,70+,BN,9370,0.010672358591248666,0.5895410885805763
P.144 Ledang,age,18-29,PH,27825,0.1837915543575921,0.4019407008086253
P.144 Ledang,age,30-39,PH,22117,0.08464077406519871,0.5489894651173306
P.144 Ledang,age,40-49,PH,17492,0.08392407957923623,0.6644751886576721
P.144 Ledang,age,50-59,PH,15488,0.08471074380165289,0.6581224173553719
P.144 Ledang,age,60-69,PH,11917,0.08659897625241252,0.6787782159939582
P.144 Ledang,age,70+,PH,9370,0.10256136606189968,0.6187833511205977
P.144 Ledang,age,18-29,PN,27825,0.152848158131177,0.3893261455525606
P.144 Ledang,age,30-39,PN,22117,0.04562101550843243,0.4998869647782249
P.144 Ledang,age,40-49,PN,17492,0.005659730162359936,0.48702263892064945
P.144 Ledang,age,50-59,PN,15488,0.0015495867768595042,0.4372417355371901
P.144 Ledang,age,60-69,PN,11917,0.0,0.32709574557355037
P.144 Ledang,age,70+,PN,9370,0.0,0.27662753468516543
P.145 Bakri,ethnicity,Malay,turnout,43398,0.513756394303885,0.9506428867689756
P.145 Bakri,ethnicity,Chinese,turnout,50238,0.5506389585572674,0.937656753851666
P.145 Bakri,ethnicity,Indian,turnout,2026,0.0,1.0
P.145 Bakri,ethnicity,Other,turnout,746,0.0,1.0
P.145 Bakri,ethnicity,Malay,BN,43398,0.0881607447347804,0.3643716300290336
P.145 Bakri,ethnicity,Chinese,BN,50238,0.011067319558899637,0.24837772204307496
P.145 Bakri,ethnicity,Indian,BN,2026,0.0,1.0
P.145 Bakri,ethnicity,Other,BN,746,0.0,1.0
P.145 Bakri,ethnicity,Malay,PH,43398,0.013226415963869302,0.5261302364164248
P.145 Bakri,ethnicity,Chinese,PH,50238,0.23959950634977506,0.7066762211871491
P.145 Bakri,ethnicity,Indian,PH,2026,0.0,1.0
P.145 Bakri,ethnicity,Other,PH,746,0.0,1.0
P.145 Bakri,ethnicity,Malay,PN,43398,0.0987833540716162,0.37596202589981104
P.145 Bakri,ethnicity,Chinese,PN,50238,0.0,0.23480234085751822
P.145 Bakri,ethnicity,Indian,PN,2026,0.0,0.9703849950641659
P.145 Bakri,ethnicity,Other,PN,746,0.0,0.9973190348525469
P.145 Bakri,age,18-29,turnout,23378,0.6411583540080418,0.8426725981692189
P.145 Bakri,age,30-39,turnout,19869,0.49428758367305853,0.9145402385625849
P.145 Bakri,age,40-49,turnout,16830,0.5237076648841354,0.9530005941770647
P.145 Bakri,age,50-59,turnout,14570,0.5806451612903226,0.971105010295127
P.145 Bakri,age,60-69,turnout,12267,0.5067253607238934,0.9656802804271623
P.145 Bakri,age,70+,turnout,9494,0.3963555930061091,0.8646513587528966
P.145 Bakri,age,18-29,BN,23378,0.08460946188724441,0.2163144837026264
P.145 Bakri,age,30-39,BN,19869,0.02078614927776939,0.30117268106094924
P.145 Bakri,age,40-49,BN,16830,0.01865715983363042,0.35014854426619135
P.145 Bakri,age,50-59,BN,14570,0.033218943033630745,0.40706932052161976
P.145 Bakri,age,60-69,BN,12267,0.022988505747126436,0.4375968044346621
P.145 Bakri,age,70+,BN,9494,0.021592584790393932,0.39751421950705706
P.145 Bakri,age,18-29,PH,23378,0.24826760201899223,0.4437933099495252
P.145 Bakri,age,30-39,PH,19869,0.13976546378781016,0.5663093260858624
P.145 Bakri,age,40-49,PH,16830,0.17439096850861557,0.6591800356506239
P.145 Bakri,age,50-59,PH,14570,0.17645847632120795,0.6773507206588881
P.145 Bakri,age,60-69,PH,12267,0.17290291024700416,0.7052254014836553
P.145 Bakri,age,70+,PH,9494,0.12523699178428482,0.5907941858015588
P.145 Bakri,age,18-29,PN,23378,0.15514586363247498,0.3249208657712379
P.145 Bakri,age,30-39,PN,19869,0.04408878151894911,0.3947355176405456
P.145 Bakri,age,40-49,PN,16830,0.021509209744503863,0.355377302436126
P.145 Bakri,age,50-59,PN,14570,0.013383665065202471,0.3087851750171585
P.145 Bakri,age,60-69,PN,12267,0.002445585717779408,0.23689573652889867
P.145 Bakri,age,70+,PN,9494,0.0018959342742784916,0.18727617442595323
P.146 Muar,ethnicity,Malay,turnout,45269,0.6355563409838962,0.940577437098235
P.146 Muar,ethnicity,Chinese,turnout,21526,0.3612375731673325,0.99567964322215
P.146 Muar,ethnicity,Indian,turnout,884,0.0,1.0
P.146 Muar,ethnicity,Other,turnout,674,0.0,1.0
P.146 Muar,ethnicity,Malay,BN,45269,0.09481101857783472,0.30683249022509884
P.146 Muar,ethnicity,Chinese,BN,21526,0.0,0.43412617300009293
P.146 Muar,ethnicity,Indian,BN,884,0.0,0.9841628959276018
P.146 Muar,ethnicity,Other,BN,674,0.0,1.0
P.146 Muar,ethnicity,Malay,PH,45269,0.03189820848704411,0.40442687048532105
P.146 Muar,ethnicity,Chinese,PH,21526,0.049103409829973056,0.8243054910340983
P.146 Muar,ethnicity,Indian,PH,884,0.0,1.0
P.146 Muar,ethnicity,Other,PH,674,0.0,1.0
P.146 Muar,ethnicity,Malay,PN,45269,0.14111201926263006,0.39362477633700765
P.146 Muar,ethnicity,Chinese,PN,21526,0.0,0.5092910898448388
P.146 Muar,ethnicity,Indian,PN,884,0.0,0.9694570135746606
P.146 Muar,ethnicity,Other,PN,674,0.0,1.0
P.146 Muar,age,18-29,turnout,17958,0.6594832386680031,0.8925826929502172
P.146 Muar,age,30-39,turnout,14623,0.45059153388497575,0.9543869247076523
P.146 Muar,age,40-49,turnout,11689,0.4641971083925058,0.9788690221575841
P.146 Muar,age,50-59,turnout,9793,0.5129173899724293,0.985908301848259
P.146 Muar,age,60-69,turnout,7901,0.409062144032401,0.9505125933426148
P.146 Muar,age,70+,turnout,6389,0.35670683988104557,0.9331663797151354
P.146 Muar,age,18-29,BN,17958,0.0738946430560196,0.26116494041652744
P.146 Muar,age,30-39,BN,14623,0.02202010531354715,0.4054571565342269
P.146 Muar,age,40-49,BN,11689,0.007956198134998716,0.4473436564291214
P.146 Muar,age,50-59,BN,9793,0.01327478811395895,0.5187378739916266
P.146 Muar,age,60-69,BN,7901,0.03240096190355651,0.5882799645614479
P.146 Muar,age,70+,BN,6389,0.0,0.5392080137736736
P.146 Muar,age,18-29,PH,17958,0.1694509410847533,0.40082414522775367
P.146 Muar,age,30-39,PH,14623,0.0599056281200848,0.568829925459892
P.146 Muar,age,40-49,PH,11689,0.0463683805287022,0.6110873470784498
P.146 Muar,age,50-59,PH,9793,0.06974369447564586,0.599816195241499
P.146 Muar,age,60-69,PH,7901,0.10542969244399443,0.5985318314137451
P.146 Muar,age,70+,PH,6389,0.026451713883236812,0.5000782595085302
P.146 Muar,age,18-29,PN,17958,0.18777146675576345,0.440583583918031
P.146 Muar,age,30-39,PN,14623,0.06640224304178349,0.5996033645626753
P.146 Muar,age,40-49,PN,11689,0.02241423560612542,0.5869621011207118
P.146 Muar,age,50-59,PN,9793,0.01960584090677014,0.544674767691208
P.146 Muar,age,60-69,PN,7901,0.026452347804075432,0.43412226300468293
P.146 Muar,age,70+,PN,6389,0.0,0.35608076381280324
P.147 Parit Sulong,ethnicity,Malay,turnout,63859,0.7527208380964312,0.8679590973864295
P.147 Parit Sulong,ethnicity,Chinese,turnout,14256,0.4313973063973064,0.9006734006734006
P.147 Parit Sulong,ethnicity,Indian,turnout,345,0.0,1.0
P.147 Parit Sulong,ethnicity,Other,turnout,974,0.0,1.0
P.147 Parit Sulong,ethnicity,Malay,BN,63859,0.2817613805415055,0.39175370738658605
P.147 Parit Sulong,ethnicity,Chinese,BN,14256,0.0035774410774410776,0.4350448933782267
P.147 Parit Sulong,ethnicity,Indian,BN,345,0.0,1.0
P.147 Parit Sulong,ethnicity,Other,BN,974,0.0,1.0
P.147 Parit Sulong,ethnicity,Malay,PH,63859,0.0296121141890728,0.14480339497956435
P.147 Parit Sulong,ethnicity,Chinese,PH,14256,0.27314814814814814,0.7470538720538721
P.147 Parit Sulong,ethnicity,Indian,PH,345,0.0,1.0
P.147 Parit Sulong,ethnicity,Other,PH,974,0.0,0.9969199178644764
P.147 Parit Sulong,ethnicity,Malay,PN,63859,0.26420708122582565,0.36342567218403043
P.147 Parit Sulong,ethnicity,Chinese,PN,14256,0.0,0.3824354657687991
P.147 Parit Sulong,ethnicity,Indian,PN,345,0.0,0.9710144927536232
P.147 Parit Sulong,ethnicity,Other,PN,974,0.0,1.0
P.147 Parit Sulong,age,18-29,turnout,20343,0.6757115469694736,0.9120582018384702
P.147 Parit Sulong,age,30-39,turnout,15982,0.48166687523463897,0.9638343136028031
P.147 Parit Sulong,age,40-49,turnout,12961,0.4751176606743307,0.9964508911349433
P.147 Parit Sulong,age,50-59,turnout,12713,0.5085345709116652,1.0
P.147 Parit Sulong,age,60-69,turnout,9737,0.5590017459176337,0.9707302043750642
P.147 Parit Sulong,age,70+,turnout,7698,0.3819173811379579,0.8771109379059496
P.147 Parit Sulong,age,18-29,BN,20343,0.14673352012977436,0.4281079486801357
P.147 Parit Sulong,age,30-39,BN,15982,0.05349768489550744,0.617945188336879
P.147 Parit Sulong,age,40-49,BN,12961,0.018825707892909497,0.6968598101998302
P.147 Parit Sulong,age,50-59,BN,12713,0.0462518681664438,0.7209155982065603
P.147 Parit Sulong,age,60-69,BN,9737,0.09181472732874602,0.665091917428366
P.147 Parit Sulong,age,70+,BN,7698,0.04728500909327098,0.6199012730579371
P.147 Parit Sulong,age,18-29,PH,20343,0.062232709039964605,0.21545494764783954
P.147 Parit Sulong,age,30-39,PH,15982,0.013014641471655613,0.3106619947440871
P.147 Parit Sulong,age,40-49,PH,12961,0.0020831725947071983,0.37072756731733664
P.147 Parit Sulong,age,50-59,PH,12713,0.03736332887595375,0.4370329583890506
P.147 Parit Sulong,age,60-69,PH,9737,0.13618157543391188,0.40166375680394373
P.147 Parit Sulong,age,70+,PH,7698,0.08378799688230709,0.34554429722005714
P.147 Parit Sulong,age,18-29,PN,20343,0.22838322764587327,0.5378262793098363
P.147 Parit Sulong,age,30-39,PN,15982,0.0946064322362658,0.7017895132023526
P.147 Parit Sulong,age,40-49,PN,12961,0.019674407838901318,0.6827405292801482
P.147 Parit Sulong,age,50-59,PN,12713,0.027058916070164397,0.5916778101156297
P.147 Parit Sulong,age,60-69,PN,9737,0.01899969189688816,0.3722912601417274
P.147 Parit Sulong,age,70+,PN,7698,0.0,0.36269160820992463
P.148 Ayer Hitam,ethnicity,Malay,turnout,35200,0.6636931818181818,0.8975
P.148 Ayer Hitam,ethnicity,Chinese,turnout,22595,0.5327284797521575,0.9210887364461164
P.148 Ayer Hitam,ethnicity,Indian,turnout,2509,0.012355520127540853,1.0
P.148 Ayer Hitam,ethnicity,Other,turnout,684,0.0,1.0
P.148 Ayer Hitam,ethnicity,Malay,BN,35200,0.2646022727272727,0.48357954545454546
P.148 Ayer Hitam,ethnicity,Chinese,BN,22595,0.0468687762779376,0.373401194954636
P.148 Ayer Hitam,ethnicity,Indian,BN,2509,0.0,1.0
P.148 Ayer Hitam,ethnicity,Other,BN,684,0.0,1.0
P.148 Ayer Hitam,ethnicity,Malay,PH,35200,0.02630681818181818,0.2556818181818182
P.148 Ayer Hitam,ethnicity,Chinese,PH,22595,0.23062624474441248,0.6346979420225713
P.148 Ayer Hitam,ethnicity,Indian,PH,2509,0.0,0.9740932642487047
P.148 Ayer Hitam,ethnicity,Other,PH,684,0.0,1.0
P.148 Ayer Hitam,ethnicity,Malay,PN,35200,0.19977272727272727,0.32860795454545455
P.148 Ayer Hitam,ethnicity,Chinese,PN,22595,0.0,0.175392786014605
P.148 Ayer Hitam,ethnicity,Indian,PN,2509,0.0,0.6799521721801515
P.148 Ayer Hitam,ethnicity,Other,PN,684,0.0,0.9956140350877193
P.148 Ayer Hitam,age,18-29,turnout,16382,0.6242827493590526,0.857526553534367
P.148 Ayer Hitam,age,30-39,turnout,12750,0.45584313725490194,0.9141960784313725
P.148 Ayer Hitam,age,40-49,turnout,10544,0.43882776934749623,0.9704097116843703
P.148 Ayer Hitam,age,50-59,turnout,9454,0.5061349693251533,0.9937592553416543
P.148 Ayer Hitam,age,60-69,turnout,6866,0.5850568016312263,0.9762598310515584
P.148 Ayer Hitam,age,70+,turnout,4992,0.4479166666666667,0.9128605769230769
P.148 Ayer Hitam,age,18-29,BN,16382,0.14308387254303503,0.38316444878525213
P.148 Ayer Hitam,age,30-39,BN,12750,0.06823529411764706,0.5149803921568628
P.148 Ayer Hitam,age,40-49,BN,10544,0.03395295902883156,0.6394157814871017
P.148 Ayer Hitam,age,50-59,BN,9454,0.034800084620266555,0.6843664057541782
P.148 Ayer Hitam,age,60-69,BN,6866,0.11302068161957472,0.6849694145062627
P.148 Ayer Hitam,age,70+,BN,4992,0.07151442307692307,0.664863782051282
P.148 Ayer Hitam,age,18-29,PH,16382,0.14992064460993773,0.3395189842510072
P.148 Ayer Hitam,age,30-39,PH,12750,0.0756078431372549,0.44392156862745097
P.148 Ayer Hitam,age,40-49,PH,10544,0.05548179059180577,0.5573786039453718
P.148 Ayer Hitam,age,50-59,PH,9454,0.08758197588322403,0.5450602919399196
P.148 Ayer Hitam,age,60-69,PH,6866,0.12248762015729682,0.4909699970870958
P.148 Ayer Hitam,age,70+,PH,4992,0.09615384615384616,0.4625400641025641
P.148 Ayer Hitam,age,18-29,PN,16382,0.15309486021242827,0.3566719570260041
P.148 Ayer Hitam,age,30-39,PN,12750,0.06690196078431372,0.4316862745098039
P.148 Ayer Hitam,age,40-49,PN,10544,0.024279210925644917,0.4344650986342944
P.148 Ayer Hitam,age,50-59,PN,9454,0.008567801988576264,0.41971652210704463
P.148 Ayer Hitam,age,60-69,PN,6866,0.014564520827264784,0.2277891057384212
P.148 Ayer Hitam,age,70+,PN,4992,0.0,0.21614583333333334
P.149 Sri Gading,ethnicity,Malay,turnout,50039,0.672575391194868,0.9260976438378065
P.149 Sri Gading,ethnicity,Chinese,turnout,26570,0.4811441475348137,0.9515242754986827
P.149 Sri Gading,ethnicity,Indian,turnout,1049,0.032411820781696854,1.0
P.149 Sri Gading,ethnicity,Other,turnout,832,0.0,1.0
P.149 Sri Gading,ethnicity,Malay,BN,50039,0.17714182937308898,0.374487899438438
P.149 Sri Gading,ethnicity,Chinese,BN,26570,0.0,0.35397064358298835
P.149 Sri Gading,ethnicity,Indian,BN,1049,0.0,0.994280266920877
P.149 Sri Gading,ethnicity,Other,BN,832,0.0,1.0
P.149 Sri Gading,ethnicity,Malay,PH,50039,0.036871240432462676,0.3501668698415236
P.149 Sri Gading,ethnicity,Chinese,PH,26570,0.18520888219796763,0.7769288671433948
P.149 Sri Gading,ethnicity,Indian,PH,1049,0.0,0.9675881792183031
P.149 Sri Gading,ethnicity,Other,PH,832,0.0,1.0
P.149 Sri Gading,ethnicity,Malay,PN,50039,0.156977557505146,0.35997921621135515
P.149 Sri Gading,ethnicity,Chinese,PN,26570,0.0,0.36364320662401206
P.149 Sri Gading,ethnicity,Indian,PN,1049,0.0,0.9056244041944709
P.149 Sri Gading,ethnicity,Other,PN,832,0.0,1.0
P.149 Sri Gading,age,18-29,turnout,24470,0.6861871679607683,0.8570903146710257
P.149 Sri Gading,age,30-39,turnout,16547,0.5379222819846498,0.9237323986221068
P.149 Sri Gading,age,40-49,turnout,12846,0.5479526700918574,0.9427059006694691
P.149 Sri Gading,age,50-59,turnout,11420,0.6115586690017513,0.9816987740805604
P.149 Sri Gading,age,60-69,turnout,7889,0.45861325896818356,0.9778172138420586
P.149 Sri Gading,age,70+,turnout,5318,0.3234298608499436,0.9567506581421588
P.149 Sri Gading,age,18-29,BN,24470,0.11393543114017164,0.26791990192071924
P.149 Sri Gading,age,30-39,BN,16547,0.03970508249229467,0.38224451562216716
P.149 Sri Gading,age,40-49,BN,12846,0.04335980071617624,0.4845866417561887
P.149 Sri Gading,age,50-59,BN,11420,0.0691768826619965,0.5758318739054291
P.149 Sri Gading,age,60-69,BN,7889,0.034098111294207124,0.6578780580555204
P.149 Sri Gading,age,70+,BN,5318,0.01936818352764197,0.6728093268145919
P.149 Sri Gading,age,18-29,PH,24470,0.208336738863915,0.36244380874540255
P.149 Sri Gading,age,30-39,PH,16547,0.11216534719284463,0.480510062246933
P.149 Sri Gading,age,40-49,PH,12846,0.1324147594581971,0.5804919819399035
P.149 Sri Gading,age,50-59,PH,11420,0.09833625218914185,0.5535026269702277
P.149 Sri Gading,age,60-69,PH,7889,0.07453416149068323,0.5998225377107365
P.149 Sri Gading,age,70+,PH,5318,0.03215494546822113,0.5473862354268522
P.149 Sri Gading,age,18-29,PN,24470,0.20862280343277484,0.3944830404577033
P.149 Sri Gading,age,30-39,PN,16547,0.05662657883604279,0.462984226748051
P.149 Sri Gading,age,40-49,PN,12846,0.048808967772069126,0.48030515335513
P.149 Sri Gading,age,50-59,PN,11420,0.021541155866900176,0.4168126094570928
P.149 Sri Gading,age,60-69,PN,7889,0.012295601470401825,0.3386994549372544
P.149 Sri Gading,age,70+,PN,5318,0.0,0.3121474238435502
P.150 Batu Pahat,ethnicity,Malay,turnout,68624,0.5338365586383772,0.9551760317090231
P.150 Batu Pahat,ethnicity,Chinese,turnout,59890,0.4745366505259643,0.9521122057104692
P.150 Batu Pahat,ethnicity,Indian,turnout,1877,0.0,1.0
P.150 Batu Pahat,ethnicity,Other,turnout,2364,0.0,1.0
P.150 Batu Pahat,ethnicity,Malay,BN,68624,0.07940370715784566,0.33673350431335974
P.150 Batu Pahat,ethnicity,Chinese,BN,59890,0.00025045917515444983,0.2783937218233428
P.150 Batu Pahat,ethnicity,Indian,BN,1877,0.0,0.9978689397975493
P.150 Batu Pahat,ethnicity,Other,BN,2364,0.0,1.0
P.150 Batu Pahat,ethnicity,Malay,PH,68624,0.010593961296339473,0.48653532291909535
P.150 Batu Pahat,ethnicity,Chinese,PH,59890,0.16304892302554683,0.726531975288028
P.150 Batu Pahat,ethnicity,Indian,PH,1877,0.0,1.0
P.150 Batu Pahat,ethnicity,Other,PH,2364,0.0,1.0
P.150 Batu Pahat,ethnicity,Malay,PN,68624,0.1089560503613896,0.40854511541151783
P.150 Batu Pahat,ethnicity,Chinese,PN,59890,0.0,0.3235765570212055
P.150 Batu Pahat,ethnicity,Indian,PN,1877,0.0,0.9818859882791688
P.150 Batu Pahat,ethnicity,Other,PN,2364,0.0,1.0
P.150 Batu Pahat,age,18-29,turnout,33533,0.6191811051799719,0.8396206721736796
P.150 Batu Pahat,age,30-39,turnout,28502,0.4851238509578275,0.9043575889411269
P.150 Batu Pahat,age,40-49,turnout,22698,0.5045378447440303,0.9562075953828532
P.150 Batu Pahat,age,50-59,turnout,20044,0.5688984234683696,0.9798942326880862
P.150 Batu Pahat,age,60-69,turnout,15434,0.47330568873914736,0.9630685499546456
P.150 Batu Pahat,age,70+,turnout,12544,0.37890625,0.8613679846938775
P.150 Batu Pahat,age,18-29,BN,33533,0.08642233024185131,0.2057376315867951
P.150 Batu Pahat,age,30-39,BN,28502,0.02996280962739457,0.27780506631113605
P.150 Batu Pahat,age,40-49,BN,22698,0.014935236584721122,0.3667283461097894
P.150 Batu Pahat,age,50-59,BN,20044,0.03133107164238675,0.41862901616443826
P.150 Batu Pahat,age,60-69,BN,15434,0.0594142801606842,0.4661785668005702
P.150 Batu Pahat,age,70+,BN,12544,0.031010841836734693,0.39357461734693877
P.150 Batu Pahat,age,18-29,PH,33533,0.20233799540750902,0.41669400292249426
P.150 Batu Pahat,age,30-39,PH,28502,0.11006245175777138,0.5346993193460108
P.150 Batu Pahat,age,40-49,PH,22698,0.11600140981584281,0.6334919376156489
P.150 Batu Pahat,age,50-59,PH,20044,0.14692676112552386,0.6682797844741568
P.150 Batu Pahat,age,60-69,PH,15434,0.13386030841000388,0.671504470649216
P.150 Batu Pahat,age,70+,PH,12544,0.06975446428571429,0.49569515306122447
P.150 Batu Pahat,age,18-29,PN,33533,0.19637372140876153,0.3806399666000656
P.150 Batu Pahat,age,30-39,PN,28502,0.08543260122096695,0.44074100063153465
P.150 Batu Pahat,age,40-49,PN,22698,0.02656621728786677,0.4359414926425236
P.150 Batu Pahat,age,50-59,PN,20044,0.020804230692476552,0.3801636399920176
P.150 Batu Pahat,age,60-69,PN,15434,0.022223662044836077,0.28683426201891926
P.150 Batu Pahat,age,70+,PN,12544,0.0,0.20232780612244897
P.151 Simpang Renggam,ethnicity,Malay,turnout,35295,0.608046465505029,0.9169287434480805
P.151 Simpang Renggam,ethnicity,Chinese,turnout,16828,0.3907772759686237,0.9648799619681483
P.151 Simpang Renggam,ethnicity,Indian,turnout,5030,0.05308151093439364,1.0
P.151 Simpang Renggam,ethnicity,Other,turnout,1157,0.0,1.0
P.151 Simpang Renggam,ethnicity,Malay,BN,35295,0.2197761722623601,0.4903527411814705
P.151 Simpang Renggam,ethnicity,Chinese,BN,16828,0.0061801758973140004,0.4710007130972189
P.151 Simpang Renggam,ethnicity,Indian,BN,5030,0.0,0.883300198807157
P.151 Simpang Renggam,ethnicity,Other,BN,1157,0.0,1.0
P.151 Simpang Renggam,ethnicity,Malay,PH,35295,0.03127921801954951,0.361297634225811
P.151 Simpang Renggam,ethnicity,Chinese,PH,16828,0.11308533396719753,0.7915379130021393
P.151 Simpang Renggam,ethnicity,Indian,PH,5030,0.0,0.9254473161033797
P.151 Simpang Renggam,ethnicity,Other,PH,1157,0.0,1.0
P.151 Simpang Renggam,ethnicity,Malay,PN,35295,0.09454596968409124,0.24694715965434197
P.151 Simpang Renggam,ethnicity,Chinese,PN,16828,0.0,0.24007606370335155
P.151 Simpang Renggam,ethnicity,Indian,PN,5030,0.0,0.5842942345924453
P.151 Simpang Renggam,ethnicity,Other,PN,1157,0.0,1.0
P.151 Simpang Renggam,age,18-29,turnout,15519,0.617436690508409,0.8514079515432695
P.151 Simpang Renggam,age,30-39,turnout,12826,0.46125058474972713,0.9148604397317948
P.151 Simpang Renggam,age,40-49,turnout,9717,0.4560049397962334,0.9658330760522795
P.151 Simpang Renggam,age,50-59,turnout,8760,0.5422374429223744,0.9819634703196347
P.151 Simpang Renggam,age,60-69,turnout,6570,0.48356164383561645,0.9572298325722983
P.151 Simpang Renggam,age,70+,turnout,4918,0.3641724278161854,0.8920292801952013
P.151 Simpang Renggam,age,18-29,BN,15519,0.15973967394806365,0.38340099233198016
P.151 Simpang Renggam,age,30-39,BN,12826,0.08857009200062373,0.5128644939965694
P.151 Simpang Renggam,age,40-49,BN,9717,0.043943603993001956,0.5697231655860863
P.151 Simpang Renggam,age,50-59,BN,8760,0.09155251141552512,0.6189497716894977
P.151 Simpang Renggam,age,60-69,BN,6570,0.07473363774733638,0.6677321156773212
P.151 Simpang Renggam,age,70+,BN,4918,0.028466856445709638,0.6059373729158194
P.151 Simpang Renggam,age,18-29,PH,15519,0.14073071718538566,0.34506089309878213
P.151 Simpang Renggam,age,30-39,PH,12826,0.093871822859816,0.48004054264774676
P.151 Simpang Renggam,age,40-49,PH,9717,0.08973963157353093,0.5863949778738293
P.151 Simpang Renggam,age,50-59,PH,8760,0.09041095890410959,0.5771689497716895
P.151 Simpang Renggam,age,60-69,PH,6570,0.12009132420091324,0.5429223744292238
P.151 Simpang Renggam,age,70+,PH,4918,0.0829605530703538,0.4961366409109394
P.151 Simpang Renggam,age,18-29,PN,15519,0.13254720020619884,0.2973774083381661
P.151 Simpang Renggam,age,30-39,PN,12826,0.042491813503820364,0.3595820988616872
P.151 Simpang Renggam,age,40-49,PN,9717,0.010394154574457137,0.3353915817639189
P.151 Simpang Renggam,age,50-59,PN,8760,0.015296803652968037,0.25205479452054796
P.151 Simpang Renggam,age,60-69,PN,6570,0.012024353120243532,0.1882800608828006
P.151 Simpang Renggam,age,70+,PN,4918,0.0,0.14436762911752746
P.152 Kluang,ethnicity,Malay,turnout,50248,0.381149498487502,0.9435599426842859
P.152 Kluang,ethnicity,Chinese,turnout,60794,0.470704345823601,0.9411784057637267
P.152 Kluang,ethnicity,Indian,turnout,13740,0.05997088791848617,1.0
P.152 Kluang,ethnicity,Other,turnout,2085,0.0,1.0
P.152 Kluang,ethnicity,Malay,BN,50248,0.06254975322400892,0.39726954306639073
P.152 Kluang,ethnicity,Chinese,BN,60794,0.003997104977464881,0.2638582754877126
P.152 Kluang,ethnicity,Indian,BN,13740,0.0,0.744395924308588
P.152 Kluang,ethnicity,Other,BN,2085,0.0,0.928537170263789
P.152 Kluang,ethnicity,Malay,PH,50248,0.0064480178315554845,0.6077256806241045
P.152 Kluang,ethnicity,Chinese,PH,60794,0.1995756160147383,0.7586932921011942
P.152 Kluang,ethnicity,Indian,PH,13740,0.0026200873362445414,0.9733624454148472
P.152 Kluang,ethnicity,Other,PH,2085,0.0,0.8853717026378897
P.152 Kluang,ethnicity,Malay,PN,50248,0.06304728546409807,0.36612402483680945
P.152 Kluang,ethnicity,Chinese,PN,60794,1.644899167681021e-05,0.22415040957989274
P.152 Kluang,ethnicity,Indian,PN,13740,0.0,0.6513828238719068
P.152 Kluang,ethnicity,Other,PN,2085,0.0,0.9645083932853717
P.152 Kluang,age,18-29,turnout,32666,0.5812465560521644,0.7846078491397783
P.152 Kluang,age,30-39,turnout,26722,0.4359703614998877,0.8491879350348028
P.152 Kluang,age,40-49,turnout,21719,0.4791196648096137,0.8905566554629587
P.152 Kluang,age,50-59,turnout,18684,0.5519160779276386,0.9377007064868337
P.152 Kluang,age,60-69,turnout,15593,0.5489642788430706,0.9476046944141602
P.152 Kluang,age,70+,turnout,11483,0.44221893233475573,0.8608377601672037
P.152 Kluang,age,18-29,BN,32666,0.08427723014755403,0.18949366313598237
P.152 Kluang,age,30-39,BN,26722,0.04273632213157698,0.2707506923134496
P.152 Kluang,age,40-49,BN,21719,0.03140107739767024,0.30774897555136055
P.152 Kluang,age,50-59,BN,18684,0.04506529651038321,0.39627488760436735
P.152 Kluang,age,60-69,BN,15593,0.04675174757904188,0.41781568652600526
P.152 Kluang,age,70+,BN,11483,0.013149873726378124,0.3572237220238614
P.152 Kluang,age,18-29,PH,32666,0.26085226229106717,0.4519990203881712
P.152 Kluang,age,30-39,PH,26722,0.153169672928673,0.5235386572861312
P.152 Kluang,age,40-49,PH,21719,0.20903356508126525,0.5967125558266955
P.152 Kluang,age,50-59,PH,18684,0.2274673517448084,0.6687004923999144
P.152 Kluang,age,60-69,PH,15593,0.23818380042326684,0.703136022574232
P.152 Kluang,age,70+,PH,11483,0.19071671166071585,0.6035879125664025
P.152 Kluang,age,18-29,PN,32666,0.14476826057674647,0.27334231310843077
P.152 Kluang,age,30-39,PN,26722,0.056881969912431704,0.31621884589476834
P.152 Kluang,age,40-49,PN,21719,0.027579538652792487,0.2916800957686818
P.152 Kluang,age,50-59,PN,18684,0.022157996146435453,0.2744594305287947
P.152 Kluang,age,60-69,PN,15593,0.012698005515295326,0.16552299108574361
P.152 Kluang,age,70+,PN,11483,0.00043542628233040145,0.11591047635635288
P.153 Sembrong,ethnicity,Malay,turnout,33188,0.6936543328914065,0.8929432324936724
P.153 Sembrong,ethnicity,Chinese,turnout,15226,0.46282674372783394,0.8131485616708262
P.153 Sembrong,ethnicity,Indian,turnout,4818,0.04649232046492321,1.0
P.153 Sembrong,ethnicity,Other,turnout,1699,0.15067686874632136,0.9793996468510888
P.153 Sembrong,ethnicity,Malay,BN,33188,0.3921296854284681,0.621097987224298
P.153 Sembrong,ethnicity,Chinese,BN,15226,0.03323262839879154,0.35281754892946277
P.153 Sembrong,ethnicity,Indian,BN,4818,0.0,0.8935242839352429
P.153 Sembrong,ethnicity,Other,BN,1699,0.09711595055915244,0.9258387286639199
P.153 Sembrong,ethnicity,Malay,PH,33188,0.019736049174400385,0.18648306616849464
P.153 Sembrong,ethnicity,Chinese,PH,15226,0.24937606725338238,0.623735715223959
P.153 Sembrong,ethnicity,Indian,PH,4818,0.0,0.8945620589456206
P.153 Sembrong,ethnicity,Other,PH,1699,0.01059446733372572,0.644496762801648
P.153 Sembrong,ethnicity,Malay,PN,33188,0.10530914788477763,0.19633602506930214
P.153 Sembrong,ethnicity,Chinese,PN,15226,0.0,0.10902403783002758
P.153 Sembrong,ethnicity,Indian,PN,4818,0.0,0.4306766293067663
P.153 Sembrong,ethnicity,Other,PN,1699,0.002942907592701589,0.736904061212478
P.153 Sembrong,age,18-29,turnout,12614,0.6034564769303948,0.8556365942603457
P.153 Sembrong,age,30-39,turnout,13667,0.4922806760810712,0.8722470183654057
P.153 Sembrong,age,40-49,turnout,9678,0.46021905352345527,0.9393469725149824
P.153 Sembrong,age,50-59,turnout,7080,0.4521186440677966,0.9744350282485875
P.153 Sembrong,age,60-69,turnout,7263,0.5036486300426821,0.969571802285557
P.153 Sembrong,age,70+,turnout,4629,0.4396197882912076,0.9416720674011666
P.153 Sembrong,age,18-29,BN,12614,0.22641509433962265,0.5198192484540987
P.153 Sembrong,age,30-39,BN,13667,0.20509255871808005,0.6115460598521987
P.153 Sembrong,age,40-49,BN,9678,0.17296962182269063,0.6647034511262657
P.153 Sembrong,age,50-59,BN,7080,0.11694915254237288,0.6611581920903955
P.153 Sembrong,age,60-69,BN,7263,0.20046812611868373,0.7393638992152003
P.153 Sembrong,age,70+,BN,4629,0.11471160077770577,0.6604018146467919
P.153 Sembrong,age,18-29,PH,12614,0.09655937846836848,0.2742191216109085
P.153 Sembrong,age,30-39,PH,13667,0.06146191556303505,0.3326992024584766
P.153 Sembrong,age,40-49,PH,9678,0.03874767513949163,0.44792312461252326
P.153 Sembrong,age,50-59,PH,7080,0.06285310734463277,0.5449152542372881
P.153 Sembrong,age,60-69,PH,7263,0.08164670246454633,0.4583505438524026
P.153 Sembrong,age,70+,PH,4629,0.0756102829984878,0.4728883128105422
P.153 Sembrong,age,18-29,PN,12614,0.08807674013001426,0.25495481211352466
P.153 Sembrong,age,30-39,PN,13667,0.06621789712446038,0.2901148752469452
P.153 Sembrong,age,40-49,PN,9678,0.022008679479231245,0.25387476751394916
P.153 Sembrong,age,50-59,PN,7080,0.0029661016949152543,0.22019774011299434
P.153 Sembrong,age,60-69,PN,7263,0.007434944237918215,0.1590251961999174
P.153 Sembrong,age,70+,PN,4629,0.0,0.11708792395765824
P.154 Mersing,ethnicity,Malay,turnout,52558,0.6498915483846417,0.7836865938582138
P.154 Mersing,ethnicity,Chinese,turnout,9054,0.24375966423680143,0.8860172299536117
P.154 Mersing,ethnicity,Indian,turnout,744,0.0,1.0
P.154 Mersing,ethnicity,Other,turnout,2233,0.3667711598746082,0.8235557545902373
P.154 Mersing,ethnicity,Malay,BN,52558,0.2336846911982952,0.3280185699608052
P.154 Mersing,ethnicity,Chinese,BN,9054,0.014689639938148884,0.4510713496796996
P.154 Mersing,ethnicity,Indian,BN,744,0.0,1.0
P.154 Mersing,ethnicity,Other,BN,2233,0.1876399462606359,0.6444245409762651
P.154 Mersing,ethnicity,Malay,PH,52558,0.011073480726055025,0.1052170934967084
P.154 Mersing,ethnicity,Chinese,PH,9054,0.09796774906118842,0.5901259111994699
P.154 Mersing,ethnicity,Indian,PH,744,0.0,0.9932795698924731
P.154 Mersing,ethnicity,Other,PH,2233,0.04791759964173757,0.4281236005373936
P.154 Mersing,ethnicity,Malay,PN,52558,0.26321397313444195,0.36936336999124775
P.154 Mersing,ethnicity,Chinese,PN,9054,0.0,0.48034018113540977
P.154 Mersing,ethnicity,Indian,PN,744,0.0,1.0
P.154 Mersing,ethnicity,Other,PN,2233,0.06806986117330945,0.5235109717868338
P.154 Mersing,age,18-29,turnout,16434,0.5077278812218571,0.8532311062431545
P.154 Mersing,age,30-39,turnout,17413,0.3980933785103084,0.8822144374892322
P.154 Mersing,age,40-49,turnout,10787,0.339111893946417,0.9547603596922222
P.154 Mersing,age,50-59,turnout,7470,0.32315930388219544,0.9755020080321285
P.154 Mersing,age,60-69,turnout,7952,0.42479879275653926,0.9734657947686117
P.154 Mersing,age,70+,turnout,4533,0.2272225898963159,0.9463931171409663
P.154 Mersing,age,18-29,BN,16434,0.09030059632469271,0.3508579773640015
P.154 Mersing,age,30-39,BN,17413,0.08229483719060472,0.4616091425946132
P.154 Mersing,age,40-49,BN,10787,0.04737183646982479,0.5757856679336238
P.154 Mersing,age,50-59,BN,7470,0.029049531459170014,0.6400267737617136
P.154 Mersing,age,60-69,BN,7952,0.18385311871227364,0.7378018108651911
P.154 Mersing,age,70+,BN,4533,0.05073902492830355,0.7176262960511802
P.154 Mersing,age,18-29,PH,16434,0.03906535231836437,0.16478033345503226
P.154 Mersing,age,30-39,PH,17413,0.0128065238614828,0.17326135645781887
P.154 Mersing,age,40-49,PH,10787,0.0,0.26198201538889404
P.154 Mersing,age,50-59,PH,7470,0.010977242302543508,0.3772423025435074
P.154 Mersing,age,60-69,PH,7952,0.013832997987927566,0.27238430583501005
P.154 Mersing,age,70+,PH,4533,0.0024266490183101697,0.3373042135451136
P.154 Mersing,age,18-29,PN,16434,0.20682730923694778,0.5525739320920043
P.154 Mersing,age,30-39,PN,17413,0.12008269683569747,0.6083960259576179
P.154 Mersing,age,40-49,PN,10787,0.05108000370816724,0.638917215166404
P.154 Mersing,age,50-59,PN,7470,0.04712182061579652,0.6230254350736278
P.154 Mersing,age,60-69,PN,7952,0.024899396378269618,0.45548289738430586
P.154 Mersing,age,70+,PN,4533,0.0,0.49481579527906466
P.155 Tenggara,ethnicity,Malay,turnout,47865,0.6770291444688186,0.8823566280162959
P.155 Tenggara,ethnicity,Chinese,turnout,10948,0.2812385823894775,0.9839240043843624
P.155 Tenggara,ethnicity,Indian,turnout,4674,0.03187847667950364,1.0
P.155 Tenggara,ethnicity,Other,turnout,1768,0.0,1.0
P.155 Tenggara,ethnicity,Malay,BN,47865,0.2600438733939204,0.41543925624151257
P.155 Tenggara,ethnicity,Chinese,BN,10948,0.00018268176835951772,0.4646510778224333
P.155 Tenggara,ethnicity,Indian,BN,4674,0.0,0.9103551561831408
P.155 Tenggara,ethnicity,Other,BN,1768,0.0,0.995475113122172
P.155 Tenggara,ethnicity,Malay,PH,47865,0.018259688707824087,0.20787631881332916
P.155 Tenggara,ethnicity,Chinese,PH,10948,0.05526123492875411,0.8059006211180124
P.155 Tenggara,ethnicity,Indian,PH,4674,0.0,0.9649122807017544
P.155 Tenggara,ethnicity,Other,PH,1768,0.0,0.8863122171945701
P.155 Tenggara,ethnicity,Malay,PN,47865,0.1973467042724329,0.35633552700302934
P.155 Tenggara,ethnicity,Chinese,PN,10948,0.0,0.46720862257946655
P.155 Tenggara,ethnicity,Indian,PN,4674,0.0,0.8579375267436885
P.155 Tenggara,ethnicity,Other,PN,1768,0.0,1.0
P.155 Tenggara,age,18-29,turnout,20081,0.6581345550520392,0.8367611174742293
P.155 Tenggara,age,30-39,turnout,14704,0.502924374319913,0.911860718171926
P.155 Tenggara,age,40-49,turnout,11866,0.5148322939490982,0.9236473959211192
P.155 Tenggara,age,50-59,turnout,8912,0.5654174147217235,0.9938285457809695
P.155 Tenggara,age,60-69,turnout,5729,0.3756327456798743,0.9945889334962472
P.155 Tenggara,age,70+,turnout,3963,0.32904365379762807,0.9944486500126167
P.155 Tenggara,age,18-29,BN,20081,0.1582092525272646,0.33305114287137094
P.155 Tenggara,age,30-39,BN,14704,0.06930087051142546,0.47578890097932536
P.155 Tenggara,age,40-49,BN,11866,0.10989381425922805,0.5441597842575425
P.155 Tenggara,age,50-59,BN,8912,0.12118491921005387,0.6538375224416517
P.155 Tenggara,age,60-69,BN,5729,0.06266364112410543,0.7999650898935242
P.155 Tenggara,age,70+,BN,3963,0.14105475649760282,0.8026747413575575
P.155 Tenggara,age,18-29,PH,20081,0.13699516956326876,0.24356356755141675
P.155 Tenggara,age,30-39,PH,14704,0.05270674646354733,0.2927094668117519
P.155 Tenggara,age,40-49,PH,11866,0.06691387156581831,0.3384459801112422
P.155 Tenggara,age,50-59,PH,8912,0.03343806104129264,0.3656867145421903
P.155 Tenggara,age,60-69,PH,5729,0.006458369698027579,0.43079071391167745
P.155 Tenggara,age,70+,PH,3963,0.0,0.3774917991420641
P.155 Tenggara,age,18-29,PN,20081,0.2380359543847418,0.43244858323788654
P.155 Tenggara,age,30-39,PN,14704,0.08711915125136017,0.5245511425462459
P.155 Tenggara,age,40-49,PN,11866,0.07955503118152706,0.5099443788976908
P.155 Tenggara,age,50-59,PN,8912,0.0361310592459605,0.4378366247755835
P.155 Tenggara,age,60-69,PN,5729,0.007680223424681445,0.3965788095653692
P.155 Tenggara,age,70+,PN,3963,0.0,0.3285389856169568
P.156 Kota Tinggi,ethnicity,Malay,turnout,54112,0.7407044648137197,0.8177483737433471
P.156 Kota Tinggi,ethnicity,Chinese,turnout,4828,0.3608119304059652,0.9453189726594863
P.156 Kota Tinggi,ethnicity,Indian,turnout,1055,0.0,1.0
P.156 Kota Tinggi,ethnicity,Other,turnout,896,0.0,1.0
P.156 Kota Tinggi,ethnicity,Malay,BN,54112,0.3898211117681845,0.45840109402720286
P.156 Kota Tinggi,ethnicity,Chinese,BN,4828,0.0,0.46913835956917976
P.156 Kota Tinggi,ethnicity,Indian,BN,1055,0.0,1.0
P.156 Kota Tinggi,ethnicity,Other,BN,896,0.0,1.0
P.156 Kota Tinggi,ethnicity,Malay,PH,54112,0.016927853341218213,0.07610141927853341
P.156 Kota Tinggi,ethnicity,Chinese,PH,4828,0.10314830157415078,0.6702568351284176
P.156 Kota Tinggi,ethnicity,Indian,PH,1055,0.0,0.9611374407582939
P.156 Kota Tinggi,ethnicity,Other,PH,896,0.0,0.8816964285714286
P.156 Kota Tinggi,ethnicity,Malay,PN,54112,0.24807806031933766,0.3066787403903016
P.156 Kota Tinggi,ethnicity,Chinese,PN,4828,0.0,0.38463131731565864
P.156 Kota Tinggi,ethnicity,Indian,PN,1055,0.0,0.9943127962085309
P.156 Kota Tinggi,ethnicity,Other,PN,896,0.0,1.0
P.156 Kota Tinggi,age,18-29,turnout,13811,0.6182028817609152,0.8961697197885743
P.156 Kota Tinggi,age,30-39,turnout,15889,0.534331927748757,0.9101265026118699
P.156 Kota Tinggi,age,40-49,turnout,11906,0.5524105493028725,0.9410381320342684
P.156 Kota Tinggi,age,50-59,turnout,7279,0.5008929798049182,0.9829646929523286
P.156 Kota Tinggi,age,60-69,turnout,6694,0.4950702121302659,0.9746041230953092
P.156 Kota Tinggi,age,70+,turnout,5312,0.44051204819277107,0.9237575301204819
P.156 Kota Tinggi,age,18-29,BN,13811,0.19216566504959814,0.48193468974006226
P.156 Kota Tinggi,age,30-39,BN,15889,0.1687330857826169,0.5857511485933665
P.156 Kota Tinggi,age,40-49,BN,11906,0.1579035780278851,0.6482445825634134
P.156 Kota Tinggi,age,50-59,BN,7279,0.13532078582222834,0.7755186151943948
P.156 Kota Tinggi,age,60-69,BN,6694,0.20062742754705706,0.8400059755004482
P.156 Kota Tinggi,age,70+,BN,5312,0.22628012048192772,0.7874623493975904
P.156 Kota Tinggi,age,18-29,PH,13811,0.022011440156397076,0.1424227065382666
P.156 Kota Tinggi,age,30-39,PH,15889,0.010195732896972749,0.13783120397759457
P.156 Kota Tinggi,age,40-49,PH,11906,0.013102637325718125,0.17293801444649756
P.156 Kota Tinggi,age,50-59,PH,7279,0.002198104135183404,0.265695837340294
P.156 Kota Tinggi,age,60-69,PH,6694,0.0403346280250971,0.23767553032566477
P.156 Kota Tinggi,age,70+,PH,5312,0.023531626506024098,0.20801957831325302
P.156 Kota Tinggi,age,18-29,PN,13811,0.19708927666352907,0.5040909420027514
P.156 Kota Tinggi,age,30-39,PN,15889,0.14676820441815092,0.5605135628422179
P.156 Kota Tinggi,age,40-49,PN,11906,0.11834369225600537,0.5303208466319502
P.156 Kota Tinggi,age,50-59,PN,7279,0.049319961533177636,0.4882538810276137
P.156 Kota Tinggi,age,60-69,PN,6694,0.010606513295488498,0.34807290110546757
P.156 Kota Tinggi,age,70+,PN,5312,0.0,0.3019578313253012
P.157 Pengerang,ethnicity,Malay,turnout,48858,0.7269843219124811,0.80443325555692
P.157 Pengerang,ethnicity,Chinese,turnout,4451,0.2327566838912604,0.8577847674679847
P.157 Pengerang,ethnicity,Indian,turnout,397,0.0,1.0
P.157 Pengerang,ethnicity,Other,turnout,868,0.12211981566820276,1.0
P.157 Pengerang,ethnicity,Malay,BN,48858,0.3504236767776004,0.42746326087846415
P.157 Pengerang,ethnicity,Chinese,BN,4451,0.024938216131206472,0.6185126937766794
P.157 Pengerang,ethnicity,Indian,BN,397,0.0,1.0
P.157 Pengerang,ethnicity,Other,BN,868,0.03571428571428571,1.0
P.157 Pengerang,ethnicity,Malay,PH,48858,0.021429448606164803,0.06052233001760203
P.157 Pengerang,ethnicity,Chinese,PH,4451,0.06717591552460121,0.3976634464165356
P.157 Pengerang,ethnicity,Indian,PH,397,0.0,0.8413098236775819
P.157 Pengerang,ethnicity,Other,PH,868,0.0,0.6658986175115207
P.157 Pengerang,ethnicity,Malay,PN,48858,0.274734946170535,0.32713168774816814
P.157 Pengerang,ethnicity,Chinese,PN,4451,0.0,0.3796899573129634
P.157 Pengerang,ethnicity,Indian,PN,397,0.0,0.8841309823677582
P.157 Pengerang,ethnicity,Other,PN,868,0.0,0.7972350230414746
P.157 Pengerang,age,18-29,turnout,12329,0.616351691134723,0.8659258658447563
P.157 Pengerang,age,30-39,turnout,13616,0.5271739130434783,0.9075352526439483
P.157 Pengerang,age,40-49,turnout,12335,0.574219700040535,0.8940413457640859
P.157 Pengerang,age,50-59,turnout,6158,0.5069827866190322,0.9514452744397531
P.157 Pengerang,age,60-69,turnout,4836,0.45368072787427627,0.9935897435897436
P.157 Pengerang,age,70+,turnout,5300,0.4950943396226415,0.8988679245283019
P.157 Pengerang,age,18-29,BN,12329,0.17981993673452834,0.4447238218833644
P.157 Pengerang,age,30-39,BN,13616,0.13792596944770857,0.5540540540540541
P.157 Pengerang,age,40-49,BN,12335,0.20226996351844345,0.5657884069720308
P.157 Pengerang,age,50-59,BN,6158,0.1391685612211757,0.7283208834037025
P.157 Pengerang,age,60-69,BN,4836,0.14846980976013235,0.8918527708850289
P.157 Pengerang,age,70+,BN,5300,0.30339622641509434,0.7558490566037736
P.157 Pengerang,age,18-29,PH,12329,0.03057831129856436,0.11841998540027578
P.157 Pengerang,age,30-39,PH,13616,0.008886603995299648,0.11949177438307873
P.157 Pengerang,age,40-49,PH,12335,0.014187271990271585,0.11349817592217268
P.157 Pengerang,age,50-59,PH,6158,0.0017862942513803184,0.19032153296524845
P.157 Pengerang,age,60-69,PH,4836,0.0,0.1912737799834574
P.157 Pengerang,age,70+,PH,5300,0.0,0.1130188679245283
P.157 Pengerang,age,18-29,PN,12329,0.23789439532808826,0.48560304972017193
P.157 Pengerang,age,30-39,PN,13616,0.16392479435957696,0.5770417156286721
P.157 Pengerang,age,40-49,PN,12335,0.17405755978921766,0.5384677746250507
P.157 Pengerang,age,50-59,PN,6158,0.07063981812276714,0.4623254303345242
P.157 Pengerang,age,60-69,PN,4836,0.0,0.401778329197684
P.157 Pengerang,age,70+,PN,5300,0.0015094339622641509,0.2592452830188679
P.158 Tebrau,ethnicity,Malay,turnout,100360,0.5078318055001992,0.9668692706257473
P.158 Tebrau,ethnicity,Chinese,turnout,86784,0.5033185840707964,0.9800424041297935
P.158 Tebrau,ethnicity,Indian,turnout,25281,0.03615363316324512,1.0
P.158 Tebrau,ethnicity,Other,turnout,10578,0.0220268481754585,1.0
P.158 Tebrau,ethnicity,Malay,BN,100360,0.04822638501394978,0.3009266640095656
P.158 Tebrau,ethnicity,Chinese,BN,86784,0.0,0.21565035029498525
P.158 Tebrau,ethnicity,Indian,BN,25281,0.0,0.7193149005181757
P.158 Tebrau,ethnicity,Other,BN,10578,0.0,0.8865570051049347
P.158 Tebrau,ethnicity,Malay,PH,100360,0.004713033080908729,0.4879135113591072
P.158 Tebrau,ethnicity,Chinese,PH,86784,0.2270234144542773,0.8543740781710915
P.158 Tebrau,ethnicity,Indian,PH,25281,0.0,0.9892013765278272
P.158 Tebrau,ethnicity,Other,PH,10578,0.0,0.821232747211193
P.158 Tebrau,ethnicity,Malay,PN,100360,0.14387206058190513,0.5215125548027102
P.158 Tebrau,ethnicity,Chinese,PN,86784,0.0,0.29613753687315636
P.158 Tebrau,ethnicity,Indian,PN,25281,0.0,0.8205371622957952
P.158 Tebrau,ethnicity,Other,PN,10578,0.0,0.9973529967857818
P.158 Tebrau,age,18-29,turnout,80412,0.6899716460229817,0.793948664378451
P.158 Tebrau,age,30-39,turnout,45775,0.5433315128345166,0.8570180229382851
P.158 Tebrau,age,40-49,turnout,40976,0.616970909800859,0.9028455681374463
P.158 Tebrau,age,50-59,turnout,31636,0.6683525097989632,0.9430711847262612
P.158 Tebrau,age,60-69,turnout,16236,0.4824464153732446,0.9812761763981276
P.158 Tebrau,age,70+,turnout,7968,0.22427208835341367,0.9382530120481928
P.158 Tebrau,age,18-29,BN,80412,0.07939113565139531,0.13741730090036314
P.158 Tebrau,age,30-39,BN,45775,0.04198798470780994,0.2160786455488804
P.158 Tebrau,age,40-49,BN,40976,0.0403162827020695,0.24133639203436158
P.158 Tebrau,age,50-59,BN,31636,0.047951700594259704,0.3200783917056518
P.158 Tebrau,age,60-69,BN,16236,0.020694752402069475,0.45349839862034985
P.158 Tebrau,age,70+,BN,7968,0.007153614457831325,0.5130522088353414
P.158 Tebrau,age,18-29,PH,80412,0.2911132666766154,0.3979878625080834
P.158 Tebrau,age,30-39,PH,45775,0.19274713271436372,0.5082905516111415
P.158 Tebrau,age,40-49,PH,40976,0.2584439672003124,0.5657458024209293
P.158 Tebrau,age,50-59,PH,31636,0.2750347705146036,0.597515488683778
P.158 Tebrau,age,60-69,PH,16236,0.13094358216309435,0.6976472037447647
P.158 Tebrau,age,70+,PH,7968,0.04781626506024096,0.7198795180722891
P.158 Tebrau,age,18-29,PN,80412,0.2419663731781326,0.3329353827786897
P.158 Tebrau,age,30-39,PN,45775,0.12174767886400874,0.39702894593118515
P.158 Tebrau,age,40-49,PN,40976,0.08878367825068333,0.36592151503319015
P.158 Tebrau,age,50-59,PN,31636,0.06249209761031736,0.33604121886458466
P.158 Tebrau,age,60-69,PN,16236,0.006898250800689825,0.3020448386302045
P.158 Tebrau,age,70+,PN,7968,0.0,0.30145582329317266
P.159 Pasir Gudang,ethnicity,Malay,turnout,90268,0.5125625913945141,0.9705875836398281
P.159 Pasir Gudang,ethnicity,Chinese,turnout,71670,0.4673782614762104,0.9678107994976978
P.159 Pasir Gudang,ethnicity,Indian,turnout,20076,0.0325263996812114,1.0
P.159 Pasir Gudang,ethnicity,Other,turnout,14410,0.03365718251214434,1.0
P.159 Pasir Gudang,ethnicity,Malay,BN,90268,0.05950059821863783,0.3983249878140648
P.159 Pasir Gudang,ethnicity,Chinese,BN,71670,1.3952839402818473e-05,0.3141760848332636
P.159 Pasir Gudang,ethnicity,Indian,BN,20076,0.0,0.882098027495517
P.159 Pasir Gudang,ethnicity,Other,BN,14410,0.0,0.8842470506592643
P.159 Pasir Gudang,ethnicity,Malay,PH,90268,0.009294545132272788,0.5256015420747109
P.159 Pasir Gudang,ethnicity,Chinese,PH,71670,0.1989395842053858,0.8304590484163528
P.159 Pasir Gudang,ethnicity,Indian,PH,20076,0.0,0.9924287706714485
P.159 Pasir Gudang,ethnicity,Other,PH,14410,0.0,0.9129077029840389
P.159 Pasir Gudang,ethnicity,Malay,PN,90268,0.09295652944565073,0.42353879558647584
P.159 Pasir Gudang,ethnicity,Chinese,PN,71670,0.0,0.2797683828659132
P.159 Pasir Gudang,ethnicity,Indian,PN,20076,0.0,0.837617055190277
P.159 Pasir Gudang,ethnicity,Other,PN,14410,0.0,0.9483691880638445
P.159 Pasir Gudang,age,18-29,turnout,61673,0.6706176122452289,0.8041120101178798
P.159 Pasir Gudang,age,30-39,turnout,42018,0.5387690989575896,0.8766957018420677
P.159 Pasir Gudang,age,40-49,turnout,34988,0.5643649251171831,0.9092831828055333
P.159 Pasir Gudang,age,50-59,turnout,31559,0.6528723977312335,0.928641591938908
P.159 Pasir Gudang,age,60-69,turnout,18298,0.5617553831019784,0.9533828833752322
P.159 Pasir Gudang,age,70+,turnout,7888,0.3509127789046653,0.978448275862069
P.159 Pasir Gudang,age,18-29,BN,61673,0.10734032720963793,0.20579508050524542
P.159 Pasir Gudang,age,30-39,BN,42018,0.057237374458565374,0.30201342281879195
P.159 Pasir Gudang,age,40-49,BN,34988,0.05107465416714302,0.34340345261232424
P.159 Pasir Gudang,age,50-59,BN,31559,0.06711239266136443,0.35755252067556004
P.159 Pasir Gudang,age,60-69,BN,18298,0.0753087769155099,0.44026669581375016
P.159 Pasir Gudang,age,70+,BN,7888,0.012170385395537525,0.5190162271805274
P.159 Pasir Gudang,age,18-29,PH,61673,0.2669887957453018,0.38931136802166266
P.159 Pasir Gudang,age,30-39,PH,42018,0.1649531153315246,0.4823171021942977
P.159 Pasir Gudang,age,40-49,PH,34988,0.19458099919972563,0.5674231164970848
P.159 Pasir Gudang,age,50-59,PH,31559,0.260401153395228,0.6005259989226528
P.159 Pasir Gudang,age,60-69,PH,18298,0.18739752978467591,0.6610012023171932
P.159 Pasir Gudang,age,70+,PH,7888,0.05806288032454361,0.7460699797160243
P.159 Pasir Gudang,age,18-29,PN,61673,0.1948989022749015,0.31204903280203655
P.159 Pasir Gudang,age,30-39,PN,42018,0.08229806273501833,0.3766481031938693
P.159 Pasir Gudang,age,40-49,PN,34988,0.04887389962272779,0.35469303761289583
P.159 Pasir Gudang,age,50-59,PN,31559,0.040178712886973604,0.27136474539750943
P.159 Pasir Gudang,age,60-69,PN,18298,0.01874521805661821,0.20204393922833097
P.159 Pasir Gudang,age,70+,PN,7888,0.0,0.2137423935091278
P.160 Johor Bahru,ethnicity,Malay,turnout,68872,0.5679666627947497,0.8867754675339761
P.160 Johor Bahru,ethnicity,Chinese,turnout,53321,0.4355319667673149,0.8233529003582079
P.160 Johor Bahru,ethnicity,Indian,turnout,7938,0.0,1.0
P.160 Johor Bahru,ethnicity,Other,turnout,4215,0.0,1.0
P.160 Johor Bahru,ethnicity,Malay,BN,68872,0.1364850737600186,0.3707021721454292
P.160 Johor Bahru,ethnicity,Chinese,BN,53321,0.0002813150541062621,0.23118471146452618
P.160 Johor Bahru,ethnicity,Indian,BN,7938,0.0,0.8852355757117661
P.160 Johor Bahru,ethnicity,Other,BN,4215,0.0,0.9786476868327402
P.160 Johor Bahru,ethnicity,Malay,PH,68872,0.04129399465675456,0.34047218027645487
P.160 Johor Bahru,ethnicity,Chinese,PH,53321,0.293036514694023,0.6872526771815982
P.160 Johor Bahru,ethnicity,Indian,PH,7938,0.0,1.0
P.160 Johor Bahru,ethnicity,Other,PH,4215,0.0,0.9627520759193358
P.160 Johor Bahru,ethnicity,Malay,PN,68872,0.1283250087118132,0.3059298408642119
P.160 Johor Bahru,ethnicity,Chinese,PN,53321,0.0,0.1648881303801504
P.160 Johor Bahru,ethnicity,Indian,PN,7938,0.0,0.7210884353741497
P.160 Johor Bahru,ethnicity,Other,PN,4215,0.0,0.9812574139976276
P.160 Johor Bahru,age,18-29,turnout,25963,0.5683087470631283,0.8353426029349459
P.160 Johor Bahru,age,30-39,turnout,26008,0.4324823131344202,0.8926868655798216
P.160 Johor Bahru,age,40-49,turnout,23564,0.4298081819725004,0.9289594296384315
P.160 Johor Bahru,age,50-59,turnout,22026,0.49423408698810495,0.9333514936892763
P.160 Johor Bahru,age,60-69,turnout,20267,0.4822124636107959,0.9038831598164504
P.160 Johor Bahru,age,70+,turnout,16518,0.3765589054364935,0.7244823828550672
P.160 Johor Bahru,age,18-29,BN,25963,0.09725378423140624,0.26506952201209416
P.160 Johor Bahru,age,30-39,BN,26008,0.05690556751768686,0.3581974776991695
P.160 Johor Bahru,age,40-49,BN,23564,0.04010354778475641,0.3653878798166695
P.160 Johor Bahru,age,50-59,BN,22026,0.04944156905475347,0.3746027422137474
P.160 Johor Bahru,age,60-69,BN,20267,0.07233433660630582,0.3875758622391079
P.160 Johor Bahru,age,70+,BN,16518,0.03892723089962465,0.2743068168059087
P.160 Johor Bahru,age,18-29,PH,25963,0.1749797789161499,0.40842737742171553
P.160 Johor Bahru,age,30-39,PH,26008,0.08159027991387266,0.4741617963703476
P.160 Johor Bahru,age,40-49,PH,23564,0.08593617382447802,0.5303853335596673
P.160 Johor Bahru,age,50-59,PH,22026,0.15713247979660402,0.5874875147552892
P.160 Johor Bahru,age,60-69,PH,20267,0.205210440617753,0.5841515764543347
P.160 Johor Bahru,age,70+,PH,16518,0.16830124712434918,0.443516164184526
P.160 Johor Bahru,age,18-29,PN,25963,0.14304972460809615,0.3221122366444556
P.160 Johor Bahru,age,30-39,PN,26008,0.07067056290372194,0.37053983389726236
P.160 Johor Bahru,age,40-49,PN,23564,0.03734510269903242,0.3121711084705483
P.160 Johor Bahru,age,50-59,PN,22026,0.031054208662489785,0.2788522655044039
P.160 Johor Bahru,age,60-69,PN,20267,0.019933882666403512,0.19381260176641832
P.160 Johor Bahru,age,70+,PN,16518,0.001452960406828914,0.10509746942729144
P.161 Pulai,ethnicity,Malay,turnout,72825,0.4858908341915551,0.9375351870923446
P.161 Pulai,ethnicity,Chinese,turnout,66519,0.42013560035478587,0.9533667072565734
P.161 Pulai,ethnicity,Indian,turnout,20142,0.0018866051037632807,1.0
P.161 Pulai,ethnicity,Other,turnout,4675,0.0,1.0
P.161 Pulai,ethnicity,Malay,BN,72825,0.10078956402334363,0.415653964984552
P.161 Pulai,ethnicity,Chinese,BN,66519,0.0005862986515131016,0.2787023256513177
P.161 Pulai,ethnicity,Indian,BN,20142,0.0,0.6780855922947076
P.161 Pulai,ethnicity,Other,BN,4675,0.0,1.0
P.161 Pulai,ethnicity,Malay,PH,72825,0.015502917953999313,0.4941846893237212
P.161 Pulai,ethnicity,Chinese,PH,66519,0.24412573851080144,0.8602203881597739
P.161 Pulai,ethnicity,Indian,PH,20142,0.0,0.9989077549399266
P.161 Pulai,ethnicity,Other,PH,4675,0.0,0.9970053475935828
P.161 Pulai,ethnicity,Malay,PN,72825,0.04826639203570202,0.27570202540336425
P.161 Pulai,ethnicity,Chinese,PN,66519,0.0,0.20015333964731882
P.161 Pulai,ethnicity,Indian,PN,20142,0.0,0.5549101380200576
P.161 Pulai,ethnicity,Other,PN,4675,0.0,0.9929411764705882
P.161 Pulai,age,18-29,turnout,45030,0.6187208527648235,0.7786808794137242
P.161 Pulai,age,30-39,turnout,33633,0.5187762019445188,0.8535069723188535
P.161 Pulai,age,40-49,turnout,31882,0.5631704410011918,0.8756351546327081
P.161 Pulai,age,50-59,turnout,24437,0.5607889675492082,0.9290011048819413
P.161 Pulai,age,60-69,turnout,17244,0.4498376246810485,0.947633959638135
P.161 Pulai,age,70+,turnout,11935,0.30339338081273565,0.8051110180142438
P.161 Pulai,age,18-29,BN,45030,0.0998445480790584,0.21274705751721074
P.161 Pulai,age,30-39,BN,33633,0.06802842446406802,0.31014182499331017
P.161 Pulai,age,40-49,BN,31882,0.06577379085377329,0.3181732639106706
P.161 Pulai,age,50-59,BN,24437,0.06359209395588657,0.38196177926914104
P.161 Pulai,age,60-69,BN,17244,0.06866156344235676,0.44896775690095103
P.161 Pulai,age,70+,BN,11935,0.023376623376623377,0.3663175534143276
P.161 Pulai,age,18-29,PH,45030,0.3245169886742172,0.4735953808572063
P.161 Pulai,age,30-39,PH,33633,0.19394642166919396,0.5037017215235037
P.161 Pulai,age,40-49,PH,31882,0.29424126466344647,0.5992095853459632
P.161 Pulai,age,50-59,PH,24437,0.23173875680320824,0.6416499570323689
P.161 Pulai,age,60-69,PH,17244,0.13819299466481094,0.679714683368128
P.161 Pulai,age,70+,PH,11935,0.08211143695014662,0.5090071219103477
P.161 Pulai,age,18-29,PN,45030,0.10706195869420386,0.20994892294026204
P.161 Pulai,age,30-39,PN,33633,0.05054559510005054,0.2589123777242589
P.161 Pulai,age,40-49,PN,31882,0.040242142901950946,0.22203751333040586
P.161 Pulai,age,50-59,PN,24437,0.016614150673159554,0.20084298399967263
P.161 Pulai,age,60-69,PN,17244,0.01722338204592902,0.17014613778705637
P.161 Pulai,age,70+,PN,11935,0.0,0.11571009635525764
P.162 Iskandar Puteri,ethnicity,Malay,turnout,80219,0.4022363779154564,0.9836821700594622
P.162 Iskandar Puteri,ethnicity,Chinese,turnout,104929,0.4704705086296448,0.9685692229984084
P.162 Iskandar Puteri,ethnicity,Indian,turnout,31283,0.040724994405907364,1.0
P.162 Iskandar Puteri,ethnicity,Other,turnout,5061,0.0,1.0
P.162 Iskandar Puteri,ethnicity,Malay,BN,80219,0.040314638676622744,0.43060870866004314
P.162 Iskandar Puteri,ethnicity,Chinese,BN,104929,0.001477189337552059,0.2874610450876307
P.162 Iskandar Puteri,ethnicity,Indian,BN,31283,0.0,0.7376210721478119
P.162 Iskandar Puteri,ethnicity,Other,BN,5061,0.0,0.979845880260818
P.162 Iskandar Puteri,ethnicity,Malay,PH,80219,0.0035278425310711924,0.6918435782046647
P.162 Iskandar Puteri,ethnicity,Chinese,PH,104929,0.20267990736593317,0.8417406055523259
P.162 Iskandar Puteri,ethnicity,Indian,PH,31283,0.005082632739826743,0.9989451139596586
P.162 Iskandar Puteri,ethnicity,Other,PH,5061,0.0,0.9986168741355463
P.162 Iskandar Puteri,ethnicity,Malay,PN,80219,0.027649310013837122,0.3618594098654932
P.162 Iskandar Puteri,ethnicity,Chinese,PN,104929,0.0018298087278064215,0.23504464923900922
P.162 Iskandar Puteri,ethnicity,Indian,PN,31283,0.0,0.6481155899370264
P.162 Iskandar Puteri,ethnicity,Other,PN,5061,0.0,0.96443390634262
P.162 Iskandar Puteri,age,18-29,turnout,67781,0.643572682610171,0.7770319115976454
P.162 Iskandar Puteri,age,30-39,turnout,47012,0.5321832723559942,0.8692248787543606
P.162 Iskandar Puteri,age,40-49,turnout,40309,0.553251134982262,0.9180828102905059
P.162 Iskandar Puteri,age,50-59,turnout,33643,0.6051184496031864,0.9375501590226794
P.162 Iskandar Puteri,age,60-69,turnout,21749,0.5466918019219275,0.9387098257391144
P.162 Iskandar Puteri,age,70+,turnout,10998,0.3500636479359884,0.886252045826514
P.162 Iskandar Puteri,age,18-29,BN,67781,0.09605936766940588,0.18353225830247413
P.162 Iskandar Puteri,age,30-39,BN,47012,0.043456989704756234,0.25725346719986386
P.162 Iskandar Puteri,age,40-49,BN,40309,0.03589769034210722,0.2985189411793892
P.162 Iskandar Puteri,age,50-59,BN,33643,0.046488125315816066,0.3399815712035193
P.162 Iskandar Puteri,age,60-69,BN,21749,0.04455377258724539,0.3831440526001195
P.162 Iskandar Puteri,age,70+,BN,10998,0.024822695035460994,0.4589925440989271
P.162 Iskandar Puteri,age,18-29,PH,67781,0.3457163511898615,0.4824065741136897
P.162 Iskandar Puteri,age,30-39,PH,47012,0.221730621968859,0.5852548285544117
P.162 Iskandar Puteri,age,40-49,PH,40309,0.2393758217767744,0.6749361184847057
P.162 Iskandar Puteri,age,50-59,PH,33643,0.2863894420830485,0.7081710905686175
P.162 Iskandar Puteri,age,60-69,PH,21749,0.24033288886845372,0.7058715343234172
P.162 Iskandar Puteri,age,70+,PH,10998,0.1458446990361884,0.6717585015457356
P.162 Iskandar Puteri,age,18-29,PN,67781,0.13329694162080818,0.22310086897508152
P.162 Iskandar Puteri,age,30-39,PN,47012,0.0456266485152727,0.2531055900621118
P.162 Iskandar Puteri,age,40-49,PN,40309,0.02991887667766504,0.23515840134957453
P.162 Iskandar Puteri,age,50-59,PN,33643,0.021460630740421486,0.20045774752548823
P.162 Iskandar Puteri,age,60-69,PN,21749,0.012506322129753092,0.17890477723113707
P.162 Iskandar Puteri,age,70+,PN,10998,0.0,0.20476450263684307
P.163 Kulai,ethnicity,Malay,turnout,55673,0.4631329369712428,0.9580766260126093
P.163 Kulai,ethnicity,Chinese,turnout,74133,0.553046551468307,0.9523289223422767
P.163 Kulai,ethnicity,Indian,turnout,17475,0.04137339055793991,1.0
P.163 Kulai,ethnicity,Other,turnout,3224,0.0,1.0
P.163 Kulai,ethnicity,Malay,BN,55673,0.11790275357893414,0.48754333339320677
P.163 Kulai,ethnicity,Chinese,BN,74133,0.007405608838169236,0.27719099456382446
P.163 Kulai,ethnicity,Indian,BN,17475,0.0,0.8105293276108727
P.163 Kulai,ethnicity,Other,BN,3224,0.0,1.0
P.163 Kulai,ethnicity,Malay,PH,55673,0.008765469796849461,0.6178219244517091
P.163 Kulai,ethnicity,Chinese,PH,74133,0.2691783686077725,0.823681761158998
P.163 Kulai,ethnicity,Indian,PH,17475,0.0,0.9963948497854077
P.163 Kulai,ethnicity,Other,PH,3224,0.0,1.0
P.163 Kulai,ethnicity,Malay,PN,55673,0.06320837748998617,0.35201983007921256
P.163 Kulai,ethnicity,Chinese,PN,74133,0.0,0.19973561032198886
P.163 Kulai,ethnicity,Indian,PN,17475,0.0,0.6698140200286123
P.163 Kulai,ethnicity,Other,PN,3224,0.0,0.9972084367245657
P.163 Kulai,age,18-29,turnout,45886,0.6587412282613433,0.8195528047770562
P.163 Kulai,age,30-39,turnout,29407,0.5115108647600911,0.9168225252490904
P.163 Kulai,age,40-49,turnout,26757,0.5709533953731734,0.9482752177000411
P.163 Kulai,age,50-59,turnout,23112,0.6253461405330564,0.9620976116303219
P.163 Kulai,age,60-69,turnout,14753,0.5183352538466752,0.9572290381617298
P.163 Kulai,age,70+,turnout,10590,0.40915958451369216,0.8830972615675166
P.163 Kulai,age,18-29,BN,45886,0.11136294294556073,0.22612561565619144
P.163 Kulai,age,30-39,BN,29407,0.04104464923317577,0.3315197061924032
P.163 Kulai,age,40-49,BN,26757,0.041559218148521884,0.35415031580520984
P.163 Kulai,age,50-59,BN,23112,0.061656282450674976,0.3964607130494981
P.163 Kulai,age,60-69,BN,14753,0.04568562326306514,0.4634989493662306
P.163 Kulai,age,70+,BN,10590,0.024551463644948063,0.4201133144475921
P.163 Kulai,age,18-29,PH,45886,0.30081070479013206,0.48598701128884625
P.163 Kulai,age,30-39,PH,29407,0.1726459686469208,0.6396096167579148
P.163 Kulai,age,40-49,PH,26757,0.22681915012893822,0.7039653174870127
P.163 Kulai,age,50-59,PH,23112,0.26691761855313256,0.7262028383523711
P.163 Kulai,age,60-69,PH,14753,0.22225987934657357,0.7585575815088457
P.163 Kulai,age,70+,PH,10590,0.18602455146364494,0.6729933899905571
P.163 Kulai,age,18-29,PN,45886,0.14246175304014297,0.2416641241337227
P.163 Kulai,age,30-39,PN,29407,0.03744006529057707,0.2852042030808991
P.163 Kulai,age,40-49,PN,26757,0.030272452068617558,0.2565683746309377
P.163 Kulai,age,50-59,PN,23112,0.016831083419868467,0.1912859120803046
P.163 Kulai,age,60-69,PN,14753,0.004812580492103301,0.14539415712058565
P.163 Kulai,age,70+,PN,10590,0.00047214353163361664,0.13333333333333333
P.164 Pontian,ethnicity,Malay,turnout,51358,0.6506678608980101,0.938295883796098
P.164 Pontian,ethnicity,Chinese,turnout,20994,0.29703724873773457,0.9475088120415357
P.164 Pontian,ethnicity,Indian,turnout,779,0.0,1.0
P.164 Pontian,ethnicity,Other,turnout,1995,0.0,1.0
P.164 Pontian,ethnicity,Malay,BN,51358,0.17383854511468516,0.4347326609291639
P.164 Pontian,ethnicity,Chinese,BN,20994,0.0027150614461274648,0.5788796799085453
P.164 Pontian,ethnicity,Indian,BN,779,0.0,1.0
P.164 Pontian,ethnicity,Other,BN,1995,0.0,1.0
P.164 Pontian,ethnicity,Malay,PH,51358,0.004809377312200631,0.2503212741929203
P.164 Pontian,ethnicity,Chinese,PH,20994,0.1197484995713061,0.7180623035152901
P.164 Pontian,ethnicity,Indian,PH,779,0.0,1.0
P.164 Pontian,ethnicity,Other,PH,1995,0.0,0.9974937343358395
P.164 Pontian,ethnicity,Malay,PN,51358,0.1110051014447603,0.32958837960979787
P.164 Pontian,ethnicity,Chinese,PN,20994,0.0,0.47689816137944174
P.164 Pontian,ethnicity,Indian,PN,779,0.0,0.9948652118100129
P.164 Pontian,ethnicity,Other,PN,1995,0.0,1.0
P.164 Pontian,age,18-29,turnout,18951,0.6438710358292439,0.8858107751569838
P.164 Pontian,age,30-39,turnout,16617,0.4950352049106337,0.9167719805018957
P.164 Pontian,age,40-49,turnout,12520,0.4773961661341853,0.9492012779552715
P.164 Pontian,age,50-59,turnout,11150,0.52,0.9982062780269059
P.164 Pontian,age,60-69,turnout,8474,0.3849421760679726,0.9684918574463064
P.164 Pontian,age,70+,turnout,7414,0.35405988670083627,0.9057189101699488
P.164 Pontian,age,18-29,BN,18951,0.14437232863701124,0.3879478655479922
P.164 Pontian,age,30-39,BN,16617,0.06962748991996148,0.5120659565505206
P.164 Pontian,age,40-49,BN,12520,0.03706070287539936,0.6033546325878594
P.164 Pontian,age,50-59,BN,11150,0.02197309417040359,0.6791031390134529
P.164 Pontian,age,60-69,BN,8474,0.04071276846825584,0.7308236960113288
P.164 Pontian,age,70+,BN,7414,0.028594550849743727,0.6093876449959535
P.164 Pontian,age,18-29,PH,18951,0.09967811724974936,0.29164687879267587
P.164 Pontian,age,30-39,PH,16617,0.061322741770476016,0.36944093398327016
P.164 Pontian,age,40-49,PH,12520,0.060063897763578275,0.4253194888178914
P.164 Pontian,age,50-59,PH,11150,0.05551569506726457,0.48869955156950673
P.164 Pontian,age,60-69,PH,8474,0.080599480764692,0.5103847061600189
P.164 Pontian,age,70+,PH,7414,0.05057998381440518,0.34799028864310766
P.164 Pontian,age,18-29,PN,18951,0.1595694158619598,0.4096353754419292
P.164 Pontian,age,30-39,PN,16617,0.08461214418968527,0.5330685442619004
P.164 Pontian,age,40-49,PN,12520,0.028833865814696484,0.5108626198083067
P.164 Pontian,age,50-59,PN,11150,0.0005381165919282511,0.43910313901345294
P.164 Pontian,age,60-69,PN,8474,0.005782393202737786,0.36853906065612463
P.164 Pontian,age,70+,PN,7414,0.0,0.25613703803614785
P.165 Tanjung Piai,ethnicity,Malay,turnout,40125,0.6243489096573209,0.9366230529595015
P.165 Tanjung Piai,ethnicity,Chinese,turnout,28259,0.5245762411974946,0.9524399306415655
P.165 Tanjung Piai,ethnicity,Indian,turnout,712,0.0,1.0
P.165 Tanjung Piai,ethnicity,Other,turnout,1273,0.0,1.0
P.165 Tanjung Piai,ethnicity,Malay,BN,40125,0.2212336448598131,0.5406105919003116
P.165 Tanjung Piai,ethnicity,Chinese,BN,28259,0.03602392158250469,0.464666124066669
P.165 Tanjung Piai,ethnicity,Indian,BN,712,0.0,1.0
P.165 Tanjung Piai,ethnicity,Other,BN,1273,0.0,1.0
P.165 Tanjung Piai,ethnicity,Malay,PH,40125,0.004137071651090343,0.3057694704049844
P.165 Tanjung Piai,ethnicity,Chinese,PH,28259,0.14986376021798364,0.5895820800452953
P.165 Tanjung Piai,ethnicity,Indian,PH,712,0.0,1.0
P.165 Tanjung Piai,ethnicity,Other,PH,1273,0.0,0.9897879025923016
P.165 Tanjung Piai,ethnicity,Malay,PN,40125,0.11429283489096573,0.3318629283489097
P.165 Tanjung Piai,ethnicity,Chinese,PN,28259,0.0,0.2805477900845748
P.165 Tanjung Piai,ethnicity,Indian,PN,712,0.0,1.0
P.165 Tanjung Piai,ethnicity,Other,PN,1273,0.0,1.0
P.165 Tanjung Piai,age,18-29,turnout,18020,0.6547724750277469,0.8554938956714762
P.165 Tanjung Piai,age,30-39,turnout,14713,0.5275606606402501,0.9134099096037518
P.165 Tanjung Piai,age,40-49,turnout,12155,0.5830522418757713,0.9563142739613328
P.165 Tanjung Piai,age,50-59,turnout,10816,0.5841346153846154,0.9725406804733728
P.165 Tanjung Piai,age,60-69,turnout,8122,0.5025855700566363,0.9708199950751046
P.165 Tanjung Piai,age,70+,turnout,6543,0.4279382546232615,0.9098272963472414
P.165 Tanjung Piai,age,18-29,BN,18020,0.17880133185349611,0.3972807991120977
P.165 Tanjung Piai,age,30-39,BN,14713,0.09202745870998437,0.5295996737579012
P.165 Tanjung Piai,age,40-49,BN,12155,0.07050596462361168,0.5588646647470177
P.165 Tanjung Piai,age,50-59,BN,10816,0.10271819526627218,0.6551405325443787
P.165 Tanjung Piai,age,60-69,BN,8122,0.07719773454814086,0.7109086431913322
P.165 Tanjung Piai,age,70+,BN,6543,0.06694176983035305,0.6365581537521015
P.165 Tanjung Piai,age,18-29,PH,18020,0.15738068812430633,0.31170921198668144
P.165 Tanjung Piai,age,30-39,PH,14713,0.09100795215115884,0.39550057772038333
P.165 Tanjung Piai,age,40-49,PH,12155,0.11287535993418346,0.45339366515837104
P.165 Tanjung Piai,age,50-59,PH,10816,0.12564718934911243,0.4775332840236686
P.165 Tanjung Piai,age,60-69,PH,8122,0.10219157842895839,0.46934252647131247
P.165 Tanjung Piai,age,70+,PH,6543,0.0548677976463396,0.32721992969585817
P.165 Tanjung Piai,age,18-29,PN,18020,0.1443951165371809,0.3478357380688124
P.165 Tanjung Piai,age,30-39,PN,14713,0.08074491945898185,0.4696526880989601
P.165 Tanjung Piai,age,40-49,PN,12155,0.024434389140271493,0.39424105306458246
P.165 Tanjung Piai,age,50-59,PN,10816,0.015902366863905327,0.3668639053254438
P.165 Tanjung Piai,age,60-69,PN,8122,0.004555528195025855,0.28158089140605763
P.165 Tanjung Piai,age,70+,PN,6543,0.0,0.20204799021855419
